class,odor,cap_color,edible,odor_type,cap_color_type
p,p,n,1,7,0
e,a,y,0,0,9
e,l,w,0,1,8
p,p,w,1,7,8
e,n,g,0,6,3
e,a,y,0,0,9
e,a,w,0,0,8
e,l,w,0,1,8
p,p,w,1,7,8
e,a,y,0,0,9
e,l,y,0,1,9
e,a,y,0,0,9
e,a,y,0,0,9
p,p,w,1,7,8
e,n,n,0,6,0
e,n,g,0,6,3
e,n,w,0,6,8
p,p,n,1,7,0
p,p,w,1,7,8
p,p,n,1,7,0
e,a,y,0,0,9
p,p,n,1,7,0
e,l,y,0,1,9
e,a,w,0,0,8
e,l,w,0,1,8
p,p,w,1,7,8
e,a,y,0,0,9
e,l,w,0,1,8
e,n,n,0,6,0
e,a,y,0,0,9
e,l,y,0,1,9
p,p,w,1,7,8
e,l,y,0,1,9
e,l,n,0,1,0
e,l,y,0,1,9
e,l,y,0,1,9
e,n,g,0,6,3
p,p,n,1,7,0
e,a,y,0,0,9
e,l,y,0,1,9
e,a,y,0,0,9
e,l,y,0,1,9
e,n,n,0,6,0
p,p,w,1,7,8
e,a,y,0,0,9
e,a,w,0,0,8
e,l,y,0,1,9
e,l,w,0,1,8
e,l,y,0,1,9
e,l,y,0,1,9
e,a,n,0,0,0
e,l,w,0,1,8
e,l,w,0,1,8
p,p,n,1,7,0
p,p,w,1,7,8
e,a,y,0,0,9
e,n,g,0,6,3
e,a,w,0,0,8
e,l,y,0,1,9
e,a,n,0,0,0
e,n,g,0,6,3
e,a,y,0,0,9
e,l,y,0,1,9
e,l,y,0,1,9
e,l,w,0,1,8
e,n,n,0,6,0
e,l,w,0,1,8
e,a,y,0,0,9
e,a,y,0,0,9
e,n,g,0,6,3
e,l,y,0,1,9
e,l,w,0,1,8
e,l,y,0,1,9
e,a,n,0,0,0
e,a,y,0,0,9
e,l,y,0,1,9
e,l,w,0,1,8
e,l,n,0,1,0
p,p,n,1,7,0
e,a,n,0,0,0
e,n,n,0,6,0
p,p,w,1,7,8
e,n,g,0,6,3
e,n,g,0,6,3
e,l,y,0,1,9
e,n,n,0,6,0
e,a,w,0,0,8
e,l,w,0,1,8
e,l,n,0,1,0
e,n,n,0,6,0
e,n,n,0,6,0
e,l,w,0,1,8
e,a,y,0,0,9
e,l,y,0,1,9
e,n,n,0,6,0
e,a,w,0,0,8
e,l,n,0,1,0
e,a,y,0,0,9
e,a,w,0,0,8
e,a,w,0,0,8
e,n,n,0,6,0
e,l,y,0,1,9
e,l,y,0,1,9
e,a,y,0,0,9
e,l,w,0,1,8
e,a,y,0,0,9
e,a,y,0,0,9
e,l,w,0,1,8
e,a,w,0,0,8
e,a,y,0,0,9
e,l,y,0,1,9
e,n,g,0,6,3
e,a,w,0,0,8
e,a,y,0,0,9
p,p,w,1,7,8
e,l,y,0,1,9
e,n,g,0,6,3
e,l,y,0,1,9
e,l,y,0,1,9
e,n,n,0,6,0
p,p,w,1,7,8
e,a,w,0,0,8
p,p,n,1,7,0
e,n,g,0,6,3
e,l,y,0,1,9
e,n,w,0,6,8
e,a,y,0,0,9
e,n,g,0,6,3
e,l,w,0,1,8
e,l,w,0,1,8
e,l,w,0,1,8
e,l,w,0,1,8
e,l,w,0,1,8
e,l,y,0,1,9
e,a,w,0,0,8
p,p,w,1,7,8
e,l,w,0,1,8
e,a,y,0,0,9
p,p,n,1,7,0
e,l,y,0,1,9
e,a,n,0,0,0
e,l,y,0,1,9
e,n,n,0,6,0
e,a,n,0,0,0
e,a,y,0,0,9
e,n,g,0,6,3
e,n,w,0,6,8
e,l,y,0,1,9
e,l,y,0,1,9
e,a,w,0,0,8
e,a,w,0,0,8
e,n,n,0,6,0
e,l,w,0,1,8
e,n,n,0,6,0
e,a,w,0,0,8
e,l,n,0,1,0
e,a,y,0,0,9
e,a,w,0,0,8
e,a,w,0,0,8
e,a,y,0,0,9
e,l,y,0,1,9
e,a,y,0,0,9
e,n,n,0,6,0
e,l,n,0,1,0
e,a,w,0,0,8
e,l,y,0,1,9
e,a,w,0,0,8
e,a,w,0,0,8
e,l,n,0,1,0
e,a,w,0,0,8
e,n,g,0,6,3
e,l,y,0,1,9
e,l,y,0,1,9
e,a,y,0,0,9
e,l,y,0,1,9
e,l,w,0,1,8
e,a,w,0,0,8
e,a,y,0,0,9
e,l,y,0,1,9
e,l,y,0,1,9
p,p,w,1,7,8
e,n,n,0,6,0
e,n,n,0,6,0
e,a,y,0,0,9
e,a,n,0,0,0
p,p,w,1,7,8
e,l,w,0,1,8
e,n,g,0,6,3
e,l,y,0,1,9
e,a,n,0,0,0
e,n,w,0,6,8
e,l,w,0,1,8
e,l,w,0,1,8
e,a,y,0,0,9
e,a,y,0,0,9
e,n,g,0,6,3
e,a,y,0,0,9
e,l,w,0,1,8
e,l,w,0,1,8
e,a,w,0,0,8
e,l,y,0,1,9
e,l,w,0,1,8
e,a,w,0,0,8
e,n,w,0,6,8
e,l,n,0,1,0
p,p,w,1,7,8
e,a,w,0,0,8
e,a,w,0,0,8
e,l,w,0,1,8
e,a,w,0,0,8
e,a,y,0,0,9
e,l,w,0,1,8
e,a,y,0,0,9
e,n,g,0,6,3
e,a,y,0,0,9
e,l,w,0,1,8
e,a,y,0,0,9
e,a,y,0,0,9
e,l,w,0,1,8
e,n,g,0,6,3
e,a,w,0,0,8
p,p,w,1,7,8
e,a,y,0,0,9
e,a,w,0,0,8
e,l,w,0,1,8
e,l,w,0,1,8
e,a,w,0,0,8
e,a,y,0,0,9
p,p,n,1,7,0
e,a,y,0,0,9
e,n,g,0,6,3
p,p,w,1,7,8
e,l,y,0,1,9
e,n,n,0,6,0
e,l,w,0,1,8
e,l,w,0,1,8
e,l,w,0,1,8
e,l,y,0,1,9
e,l,y,0,1,9
e,a,y,0,0,9
e,a,y,0,0,9
e,l,w,0,1,8
e,a,w,0,0,8
p,p,w,1,7,8
e,a,w,0,0,8
e,l,w,0,1,8
e,l,w,0,1,8
e,a,w,0,0,8
e,l,y,0,1,9
e,n,n,0,6,0
e,a,y,0,0,9
p,p,n,1,7,0
e,n,n,0,6,0
e,l,y,0,1,9
e,l,w,0,1,8
e,l,w,0,1,8
e,n,n,0,6,0
e,a,w,0,0,8
e,l,w,0,1,8
e,a,w,0,0,8
e,l,n,0,1,0
p,p,w,1,7,8
e,a,w,0,0,8
e,a,w,0,0,8
e,l,w,0,1,8
e,n,g,0,6,3
e,n,g,0,6,3
e,a,y,0,0,9
e,a,w,0,0,8
p,p,n,1,7,0
e,l,w,0,1,8
p,p,n,1,7,0
e,l,w,0,1,8
e,a,y,0,0,9
e,a,y,0,0,9
e,a,n,0,0,0
e,a,n,0,0,0
e,a,w,0,0,8
e,n,n,0,6,0
e,l,y,0,1,9
p,p,w,1,7,8
e,a,y,0,0,9
e,n,n,0,6,0
e,l,y,0,1,9
e,l,w,0,1,8
e,a,n,0,0,0
e,a,y,0,0,9
e,a,w,0,0,8
e,l,n,0,1,0
e,n,g,0,6,3
e,n,g,0,6,3
e,l,y,0,1,9
e,l,y,0,1,9
e,l,w,0,1,8
e,a,w,0,0,8
e,a,y,0,0,9
e,a,y,0,0,9
e,n,g,0,6,3
e,a,y,0,0,9
p,p,w,1,7,8
e,n,w,0,6,8
e,a,w,0,0,8
e,l,y,0,1,9
e,a,w,0,0,8
e,l,w,0,1,8
e,n,n,0,6,0
e,l,w,0,1,8
e,l,y,0,1,9
e,a,n,0,0,0
e,n,w,0,6,8
e,l,y,0,1,9
p,p,w,1,7,8
e,l,y,0,1,9
e,a,w,0,0,8
e,a,y,0,0,9
p,p,w,1,7,8
e,a,y,0,0,9
e,a,w,0,0,8
e,l,w,0,1,8
e,l,w,0,1,8
e,l,y,0,1,9
e,a,y,0,0,9
e,a,w,0,0,8
e,a,y,0,0,9
e,l,n,0,1,0
e,l,w,0,1,8
e,a,y,0,0,9
p,p,n,1,7,0
e,l,y,0,1,9
e,a,w,0,0,8
p,p,n,1,7,0
e,l,w,0,1,8
e,l,y,0,1,9
e,a,y,0,0,9
e,l,w,0,1,8
e,n,n,0,6,0
e,a,n,0,0,0
e,l,y,0,1,9
e,n,g,0,6,3
e,l,n,0,1,0
e,a,w,0,0,8
e,a,w,0,0,8
e,a,y,0,0,9
e,a,y,0,0,9
e,l,y,0,1,9
e,n,n,0,6,0
e,l,y,0,1,9
e,a,y,0,0,9
e,n,g,0,6,3
e,n,n,0,6,0
e,n,g,0,6,3
e,a,n,0,0,0
e,a,w,0,0,8
e,a,y,0,0,9
e,l,y,0,1,9
e,n,g,0,6,3
e,a,n,0,0,0
p,p,n,1,7,0
e,a,y,0,0,9
e,a,y,0,0,9
e,n,n,0,6,0
e,n,n,0,6,0
e,n,n,0,6,0
e,a,n,0,0,0
e,a,y,0,0,9
e,n,n,0,6,0
e,a,y,0,0,9
e,a,y,0,0,9
e,a,y,0,0,9
e,n,g,0,6,3
e,a,y,0,0,9
e,l,n,0,1,0
e,a,y,0,0,9
e,n,n,0,6,0
e,a,w,0,0,8
e,l,w,0,1,8
e,n,n,0,6,0
e,l,y,0,1,9
e,l,y,0,1,9
e,a,y,0,0,9
p,p,n,1,7,0
e,n,w,0,6,8
e,a,w,0,0,8
e,a,w,0,0,8
e,n,n,0,6,0
p,p,n,1,7,0
e,l,n,0,1,0
e,n,n,0,6,0
e,l,y,0,1,9
e,a,y,0,0,9
e,a,y,0,0,9
e,l,y,0,1,9
e,a,w,0,0,8
e,n,g,0,6,3
e,a,n,0,0,0
e,n,g,0,6,3
e,l,w,0,1,8
e,l,y,0,1,9
e,n,g,0,6,3
p,p,n,1,7,0
e,l,w,0,1,8
e,a,w,0,0,8
p,p,n,1,7,0
e,l,y,0,1,9
e,l,w,0,1,8
e,l,y,0,1,9
e,l,y,0,1,9
e,a,w,0,0,8
e,a,w,0,0,8
e,l,n,0,1,0
e,a,w,0,0,8
e,n,n,0,6,0
e,l,n,0,1,0
e,l,y,0,1,9
p,p,n,1,7,0
e,a,y,0,0,9
e,l,w,0,1,8
p,p,n,1,7,0
e,l,y,0,1,9
e,n,g,0,6,3
e,l,w,0,1,8
e,a,w,0,0,8
p,p,n,1,7,0
e,l,n,0,1,0
e,l,w,0,1,8
e,a,w,0,0,8
e,a,n,0,0,0
e,a,w,0,0,8
e,n,w,0,6,8
e,n,g,0,6,3
e,a,w,0,0,8
e,l,y,0,1,9
e,l,y,0,1,9
e,l,y,0,1,9
e,l,w,0,1,8
e,a,w,0,0,8
e,a,y,0,0,9
e,l,w,0,1,8
e,l,y,0,1,9
e,a,n,0,0,0
e,l,w,0,1,8
e,l,w,0,1,8
e,a,y,0,0,9
e,l,w,0,1,8
e,l,y,0,1,9
e,l,n,0,1,0
e,l,w,0,1,8
e,l,n,0,1,0
e,l,w,0,1,8
e,n,n,0,6,0
e,l,w,0,1,8
e,l,w,0,1,8
e,l,y,0,1,9
e,l,y,0,1,9
e,l,w,0,1,8
e,n,g,0,6,3
e,a,w,0,0,8
e,l,y,0,1,9
e,a,y,0,0,9
e,a,n,0,0,0
e,a,w,0,0,8
e,l,y,0,1,9
e,a,w,0,0,8
e,a,y,0,0,9
e,n,n,0,6,0
e,a,n,0,0,0
e,a,w,0,0,8
e,l,y,0,1,9
e,l,y,0,1,9
e,a,y,0,0,9
e,l,y,0,1,9
e,a,w,0,0,8
e,a,w,0,0,8
e,n,g,0,6,3
e,l,y,0,1,9
e,n,g,0,6,3
e,n,n,0,6,0
e,a,w,0,0,8
e,a,w,0,0,8
e,l,y,0,1,9
e,a,y,0,0,9
e,l,y,0,1,9
e,l,w,0,1,8
e,n,g,0,6,3
e,a,w,0,0,8
e,a,y,0,0,9
e,l,w,0,1,8
e,n,n,0,6,0
e,l,n,0,1,0
e,a,n,0,0,0
e,a,y,0,0,9
p,p,n,1,7,0
p,p,n,1,7,0
e,l,n,0,1,0
e,a,y,0,0,9
e,a,y,0,0,9
e,n,w,0,6,8
e,a,n,0,0,0
e,a,w,0,0,8
e,l,y,0,1,9
e,a,y,0,0,9
e,a,y,0,0,9
e,l,w,0,1,8
e,a,y,0,0,9
e,a,y,0,0,9
p,p,n,1,7,0
e,n,g,0,6,3
e,n,n,0,6,0
e,a,w,0,0,8
e,n,g,0,6,3
e,n,n,0,6,0
e,a,y,0,0,9
e,a,w,0,0,8
e,n,g,0,6,3
e,n,n,0,6,0
e,n,w,0,6,8
e,l,n,0,1,0
e,a,y,0,0,9
e,l,w,0,1,8
e,a,y,0,0,9
e,l,w,0,1,8
e,l,w,0,1,8
e,a,y,0,0,9
p,p,n,1,7,0
e,n,g,0,6,3
e,l,y,0,1,9
e,a,n,0,0,0
e,a,y,0,0,9
e,n,n,0,6,0
e,a,y,0,0,9
e,a,n,0,0,0
e,a,w,0,0,8
p,p,w,1,7,8
e,l,n,0,1,0
p,p,n,1,7,0
e,n,w,0,6,8
e,a,w,0,0,8
e,n,n,0,6,0
e,l,y,0,1,9
e,a,w,0,0,8
e,a,y,0,0,9
e,n,g,0,6,3
p,p,w,1,7,8
e,a,y,0,0,9
e,n,n,0,6,0
e,a,w,0,0,8
e,l,y,0,1,9
e,n,g,0,6,3
e,l,y,0,1,9
e,a,y,0,0,9
e,n,n,0,6,0
e,n,g,0,6,3
e,l,y,0,1,9
e,l,w,0,1,8
e,l,y,0,1,9
e,a,y,0,0,9
p,p,n,1,7,0
e,l,w,0,1,8
e,l,w,0,1,8
e,a,y,0,0,9
e,a,y,0,0,9
e,a,y,0,0,9
e,a,y,0,0,9
e,n,w,0,6,8
e,a,w,0,0,8
p,p,w,1,7,8
e,a,y,0,0,9
e,n,g,0,6,3
p,p,n,1,7,0
e,a,w,0,0,8
e,a,w,0,0,8
e,l,y,0,1,9
e,a,y,0,0,9
e,l,w,0,1,8
e,a,n,0,0,0
e,l,y,0,1,9
e,n,n,0,6,0
e,l,y,0,1,9
e,l,y,0,1,9
p,p,n,1,7,0
e,a,w,0,0,8
e,a,y,0,0,9
e,l,w,0,1,8
e,a,y,0,0,9
e,a,y,0,0,9
e,a,w,0,0,8
e,n,g,0,6,3
e,n,n,0,6,0
e,n,g,0,6,3
e,a,w,0,0,8
p,p,w,1,7,8
e,n,g,0,6,3
e,l,y,0,1,9
p,p,w,1,7,8
e,a,y,0,0,9
p,p,n,1,7,0
e,l,y,0,1,9
e,l,w,0,1,8
p,p,w,1,7,8
p,p,n,1,7,0
e,n,g,0,6,3
e,l,n,0,1,0
e,n,w,0,6,8
e,l,n,0,1,0
e,l,w,0,1,8
e,a,w,0,0,8
e,n,g,0,6,3
e,a,n,0,0,0
e,l,w,0,1,8
e,n,g,0,6,3
e,n,n,0,6,0
e,n,g,0,6,3
e,n,w,0,6,8
p,p,w,1,7,8
e,l,y,0,1,9
e,l,w,0,1,8
e,n,g,0,6,3
e,l,w,0,1,8
e,a,y,0,0,9
e,n,g,0,6,3
e,l,y,0,1,9
e,l,w,0,1,8
e,l,w,0,1,8
e,a,y,0,0,9
e,n,g,0,6,3
e,l,w,0,1,8
e,l,y,0,1,9
e,n,g,0,6,3
e,a,w,0,0,8
e,a,w,0,0,8
e,n,n,0,6,0
e,a,y,0,0,9
e,n,n,0,6,0
e,l,n,0,1,0
e,a,n,0,0,0
e,a,y,0,0,9
e,a,y,0,0,9
e,l,y,0,1,9
e,n,n,0,6,0
e,a,w,0,0,8
e,l,y,0,1,9
e,a,n,0,0,0
e,l,n,0,1,0
e,a,n,0,0,0
e,l,y,0,1,9
e,l,y,0,1,9
e,a,w,0,0,8
e,l,w,0,1,8
e,a,y,0,0,9
e,l,w,0,1,8
e,a,y,0,0,9
e,l,y,0,1,9
e,a,y,0,0,9
p,p,n,1,7,0
p,p,w,1,7,8
e,l,y,0,1,9
e,n,w,0,6,8
e,a,y,0,0,9
e,l,y,0,1,9
e,n,g,0,6,3
e,a,w,0,0,8
e,l,w,0,1,8
p,p,n,1,7,0
p,p,n,1,7,0
e,l,w,0,1,8
e,a,y,0,0,9
e,a,n,0,0,0
e,l,y,0,1,9
e,l,y,0,1,9
e,a,w,0,0,8
e,a,y,0,0,9
e,n,n,0,6,0
e,n,n,0,6,0
e,l,y,0,1,9
e,l,y,0,1,9
e,n,n,0,6,0
e,n,g,0,6,3
e,l,n,0,1,0
e,l,y,0,1,9
e,a,w,0,0,8
e,l,w,0,1,8
e,a,w,0,0,8
e,a,y,0,0,9
e,a,y,0,0,9
e,n,n,0,6,0
e,a,w,0,0,8
e,n,g,0,6,3
e,a,w,0,0,8
e,l,y,0,1,9
e,a,w,0,0,8
e,a,y,0,0,9
e,l,w,0,1,8
e,a,n,0,0,0
e,n,g,0,6,3
p,p,n,1,7,0
e,a,w,0,0,8
e,a,y,0,0,9
p,p,n,1,7,0
p,p,n,1,7,0
e,n,n,0,6,0
p,p,n,1,7,0
e,n,g,0,6,3
e,l,y,0,1,9
e,l,w,0,1,8
e,l,y,0,1,9
e,l,y,0,1,9
e,l,y,0,1,9
e,n,n,0,6,0
e,a,w,0,0,8
e,a,y,0,0,9
e,a,y,0,0,9
e,n,n,0,6,0
e,l,w,0,1,8
e,l,y,0,1,9
e,l,y,0,1,9
e,a,y,0,0,9
e,l,w,0,1,8
e,a,y,0,0,9
e,a,n,0,0,0
e,n,n,0,6,0
e,a,n,0,0,0
e,a,w,0,0,8
e,l,y,0,1,9
e,n,n,0,6,0
e,a,y,0,0,9
p,p,n,1,7,0
e,l,w,0,1,8
e,n,w,0,6,8
e,a,w,0,0,8
e,l,w,0,1,8
e,l,y,0,1,9
e,n,n,0,6,0
p,p,w,1,7,8
p,p,w,1,7,8
e,l,w,0,1,8
e,a,w,0,0,8
e,a,w,0,0,8
p,p,w,1,7,8
e,l,w,0,1,8
e,n,g,0,6,3
e,n,n,0,6,0
e,a,w,0,0,8
e,a,n,0,0,0
e,a,w,0,0,8
e,l,y,0,1,9
e,l,w,0,1,8
e,l,w,0,1,8
e,a,w,0,0,8
p,p,n,1,7,0
e,a,y,0,0,9
e,a,n,0,0,0
e,l,y,0,1,9
e,a,w,0,0,8
e,l,y,0,1,9
e,a,y,0,0,9
e,a,y,0,0,9
e,l,y,0,1,9
e,n,w,0,6,8
e,a,y,0,0,9
e,a,n,0,0,0
e,l,w,0,1,8
e,l,n,0,1,0
e,l,w,0,1,8
e,n,n,0,6,0
e,l,n,0,1,0
e,n,g,0,6,3
e,l,w,0,1,8
e,n,n,0,6,0
e,a,y,0,0,9
e,a,w,0,0,8
e,a,w,0,0,8
e,l,y,0,1,9
e,a,y,0,0,9
e,a,y,0,0,9
e,n,g,0,6,3
e,a,y,0,0,9
p,p,n,1,7,0
e,a,n,0,0,0
e,l,y,0,1,9
e,l,w,0,1,8
e,a,y,0,0,9
e,n,n,0,6,0
e,l,y,0,1,9
e,l,w,0,1,8
e,a,w,0,0,8
p,p,n,1,7,0
e,n,n,0,6,0
e,l,y,0,1,9
p,p,n,1,7,0
e,l,y,0,1,9
e,l,y,0,1,9
e,l,n,0,1,0
e,a,w,0,0,8
e,a,y,0,0,9
p,p,n,1,7,0
p,p,n,1,7,0
e,l,y,0,1,9
e,n,w,0,6,8
p,p,w,1,7,8
e,l,n,0,1,0
e,a,w,0,0,8
e,a,y,0,0,9
p,p,n,1,7,0
e,l,y,0,1,9
e,a,w,0,0,8
e,l,y,0,1,9
e,a,w,0,0,8
e,a,y,0,0,9
e,l,y,0,1,9
e,l,y,0,1,9
e,a,y,0,0,9
e,a,y,0,0,9
p,p,w,1,7,8
p,p,w,1,7,8
p,p,n,1,7,0
e,a,w,0,0,8
e,a,n,0,0,0
e,a,y,0,0,9
e,a,w,0,0,8
e,l,w,0,1,8
e,l,y,0,1,9
e,n,g,0,6,3
e,a,y,0,0,9
e,l,w,0,1,8
e,a,n,0,0,0
e,l,y,0,1,9
e,l,w,0,1,8
e,a,w,0,0,8
e,l,w,0,1,8
e,l,y,0,1,9
e,n,g,0,6,3
e,a,y,0,0,9
e,l,n,0,1,0
e,l,y,0,1,9
e,l,y,0,1,9
p,p,n,1,7,0
e,l,y,0,1,9
p,p,w,1,7,8
e,a,y,0,0,9
e,a,w,0,0,8
e,a,y,0,0,9
p,p,n,1,7,0
e,a,w,0,0,8
e,n,g,0,6,3
e,a,y,0,0,9
e,n,g,0,6,3
e,a,y,0,0,9
e,l,w,0,1,8
e,l,y,0,1,9
e,l,w,0,1,8
e,l,w,0,1,8
e,a,n,0,0,0
e,n,g,0,6,3
e,n,w,0,6,8
e,n,n,0,6,0
e,l,n,0,1,0
e,l,y,0,1,9
e,a,y,0,0,9
e,a,y,0,0,9
p,p,n,1,7,0
e,l,n,0,1,0
e,a,y,0,0,9
e,a,y,0,0,9
e,a,w,0,0,8
e,a,y,0,0,9
e,l,y,0,1,9
e,n,n,0,6,0
e,l,y,0,1,9
e,n,g,0,6,3
e,l,y,0,1,9
e,a,n,0,0,0
e,l,y,0,1,9
e,a,y,0,0,9
e,n,n,0,6,0
e,a,w,0,0,8
e,l,y,0,1,9
e,a,w,0,0,8
e,l,w,0,1,8
e,l,y,0,1,9
e,l,y,0,1,9
e,a,w,0,0,8
e,n,g,0,6,3
e,a,w,0,0,8
e,l,w,0,1,8
e,l,y,0,1,9
e,a,w,0,0,8
e,a,y,0,0,9
e,a,y,0,0,9
e,a,y,0,0,9
e,l,y,0,1,9
e,n,n,0,6,0
e,l,y,0,1,9
e,a,w,0,0,8
e,a,y,0,0,9
e,l,y,0,1,9
e,l,n,0,1,0
e,a,y,0,0,9
e,l,w,0,1,8
e,l,w,0,1,8
e,l,y,0,1,9
e,l,y,0,1,9
e,n,w,0,6,8
e,n,n,0,6,0
e,n,w,0,6,8
e,l,y,0,1,9
e,n,w,0,6,8
p,p,n,1,7,0
e,n,g,0,6,3
p,p,n,1,7,0
p,p,n,1,7,0
e,l,w,0,1,8
e,n,g,0,6,3
e,l,w,0,1,8
e,n,g,0,6,3
e,n,g,0,6,3
e,a,w,0,0,8
e,l,w,0,1,8
e,n,g,0,6,3
e,n,n,0,6,0
e,n,w,0,6,8
e,n,n,0,6,0
e,n,n,0,6,0
e,l,y,0,1,9
e,l,y,0,1,9
e,n,w,0,6,8
e,n,n,0,6,0
e,n,g,0,6,3
p,p,n,1,7,0
e,n,g,0,6,3
e,a,w,0,0,8
e,n,g,0,6,3
e,n,g,0,6,3
p,p,n,1,7,0
e,l,y,0,1,9
e,n,n,0,6,0
e,n,w,0,6,8
e,a,y,0,0,9
e,n,n,0,6,0
e,n,g,0,6,3
e,n,e,0,6,7
e,a,y,0,0,9
e,n,w,0,6,8
p,p,w,1,7,8
e,n,g,0,6,3
e,n,g,0,6,3
e,n,n,0,6,0
e,n,w,0,6,8
e,l,w,0,1,8
e,n,n,0,6,0
p,p,n,1,7,0
p,p,w,1,7,8
e,l,y,0,1,9
e,n,g,0,6,3
e,n,g,0,6,3
e,n,n,0,6,0
e,l,w,0,1,8
p,p,w,1,7,8
e,n,n,0,6,0
e,l,w,0,1,8
e,l,y,0,1,9
e,n,n,0,6,0
e,n,w,0,6,8
e,n,n,0,6,0
e,n,n,0,6,0
e,n,g,0,6,3
e,n,g,0,6,3
p,p,n,1,7,0
e,n,n,0,6,0
e,n,n,0,6,0
e,n,w,0,6,8
e,n,n,0,6,0
e,n,n,0,6,0
e,n,n,0,6,0
e,n,g,0,6,3
e,n,n,0,6,0
e,n,g,0,6,3
e,l,w,0,1,8
e,n,n,0,6,0
e,l,y,0,1,9
e,n,g,0,6,3
e,n,n,0,6,0
e,l,y,0,1,9
e,n,g,0,6,3
e,n,n,0,6,0
p,p,w,1,7,8
e,n,w,0,6,8
e,n,w,0,6,8
e,n,w,0,6,8
e,n,g,0,6,3
e,l,y,0,1,9
e,l,y,0,1,9
e,n,g,0,6,3
e,n,n,0,6,0
e,n,n,0,6,0
e,n,w,0,6,8
e,n,w,0,6,8
e,l,y,0,1,9
e,a,w,0,0,8
e,l,w,0,1,8
p,p,w,1,7,8
e,n,g,0,6,3
e,l,n,0,1,0
e,n,n,0,6,0
p,p,w,1,7,8
e,l,n,0,1,0
e,n,g,0,6,3
e,n,w,0,6,8
e,n,w,0,6,8
e,n,n,0,6,0
e,l,w,0,1,8
e,a,w,0,0,8
e,n,w,0,6,8
e,a,y,0,0,9
e,n,n,0,6,0
e,n,g,0,6,3
e,a,y,0,0,9
e,l,n,0,1,0
e,n,n,0,6,0
p,p,n,1,7,0
e,n,n,0,6,0
e,n,n,0,6,0
e,a,y,0,0,9
e,a,w,0,0,8
e,a,w,0,0,8
p,p,w,1,7,8
p,p,w,1,7,8
e,n,n,0,6,0
e,l,y,0,1,9
e,l,y,0,1,9
e,n,w,0,6,8
e,n,g,0,6,3
p,p,n,1,7,0
e,n,g,0,6,3
e,n,n,0,6,0
e,n,w,0,6,8
e,n,w,0,6,8
e,a,y,0,0,9
e,a,y,0,0,9
e,n,g,0,6,3
p,p,n,1,7,0
e,a,y,0,0,9
e,a,n,0,0,0
e,n,w,0,6,8
e,n,n,0,6,0
e,n,g,0,6,3
e,a,w,0,0,8
e,n,g,0,6,3
p,p,n,1,7,0
e,n,n,0,6,0
e,n,g,0,6,3
e,n,e,0,6,7
e,n,n,0,6,0
e,n,g,0,6,3
e,l,y,0,1,9
e,n,n,0,6,0
e,l,y,0,1,9
e,l,w,0,1,8
e,n,g,0,6,3
e,l,y,0,1,9
e,n,n,0,6,0
e,n,w,0,6,8
e,l,y,0,1,9
e,n,g,0,6,3
e,n,g,0,6,3
p,p,w,1,7,8
e,l,y,0,1,9
e,a,w,0,0,8
e,n,w,0,6,8
e,n,n,0,6,0
e,l,n,0,1,0
e,n,w,0,6,8
p,p,w,1,7,8
e,a,y,0,0,9
e,n,g,0,6,3
e,l,y,0,1,9
e,n,g,0,6,3
e,n,n,0,6,0
p,p,w,1,7,8
e,n,g,0,6,3
e,l,n,0,1,0
e,n,w,0,6,8
p,p,n,1,7,0
e,l,y,0,1,9
e,n,g,0,6,3
e,l,w,0,1,8
e,n,g,0,6,3
e,l,w,0,1,8
e,l,w,0,1,8
p,p,n,1,7,0
e,l,y,0,1,9
e,n,n,0,6,0
e,a,n,0,0,0
e,n,g,0,6,3
e,l,y,0,1,9
e,n,g,0,6,3
p,p,n,1,7,0
e,n,g,0,6,3
e,n,g,0,6,3
e,n,g,0,6,3
p,p,n,1,7,0
e,n,n,0,6,0
e,n,w,0,6,8
e,n,g,0,6,3
p,p,n,1,7,0
e,n,n,0,6,0
e,n,w,0,6,8
p,p,w,1,7,8
e,n,g,0,6,3
e,l,y,0,1,9
e,n,n,0,6,0
e,n,n,0,6,0
p,p,w,1,7,8
e,a,n,0,0,0
e,n,w,0,6,8
e,l,n,0,1,0
e,n,g,0,6,3
e,n,g,0,6,3
e,n,g,0,6,3
e,n,n,0,6,0
e,n,g,0,6,3
e,n,w,0,6,8
e,n,w,0,6,8
e,n,n,0,6,0
e,n,n,0,6,0
e,a,y,0,0,9
e,n,w,0,6,8
e,n,w,0,6,8
e,a,y,0,0,9
e,n,w,0,6,8
e,n,g,0,6,3
p,p,n,1,7,0
e,n,g,0,6,3
p,p,n,1,7,0
e,n,w,0,6,8
e,a,w,0,0,8
e,n,n,0,6,0
e,n,n,0,6,0
e,l,y,0,1,9
e,n,w,0,6,8
e,n,n,0,6,0
e,n,w,0,6,8
e,n,n,0,6,0
e,n,w,0,6,8
e,n,w,0,6,8
e,n,n,0,6,0
e,n,w,0,6,8
e,n,g,0,6,3
e,n,g,0,6,3
e,n,g,0,6,3
e,n,n,0,6,0
e,n,w,0,6,8
e,a,n,0,0,0
p,p,w,1,7,8
e,n,g,0,6,3
p,p,w,1,7,8
e,a,w,0,0,8
e,n,g,0,6,3
e,n,g,0,6,3
e,n,w,0,6,8
e,n,g,0,6,3
e,a,w,0,0,8
e,n,g,0,6,3
e,n,e,0,6,7
e,a,y,0,0,9
e,n,w,0,6,8
e,a,w,0,0,8
p,p,n,1,7,0
e,n,n,0,6,0
e,n,n,0,6,0
e,a,w,0,0,8
e,n,g,0,6,3
e,n,n,0,6,0
e,n,w,0,6,8
e,n,n,0,6,0
e,n,g,0,6,3
e,n,g,0,6,3
e,l,y,0,1,9
e,n,n,0,6,0
e,n,w,0,6,8
e,a,n,0,0,0
e,l,n,0,1,0
e,l,y,0,1,9
e,n,g,0,6,3
e,a,w,0,0,8
e,a,w,0,0,8
e,n,w,0,6,8
e,n,g,0,6,3
p,p,n,1,7,0
e,l,y,0,1,9
e,n,n,0,6,0
e,n,w,0,6,8
e,l,y,0,1,9
e,n,e,0,6,7
e,l,n,0,1,0
e,a,w,0,0,8
p,p,n,1,7,0
e,n,g,0,6,3
e,a,w,0,0,8
e,l,w,0,1,8
e,l,y,0,1,9
e,l,w,0,1,8
e,a,y,0,0,9
e,a,w,0,0,8
e,n,n,0,6,0
p,p,w,1,7,8
e,n,n,0,6,0
e,n,n,0,6,0
p,p,w,1,7,8
e,n,w,0,6,8
e,n,w,0,6,8
e,n,n,0,6,0
e,n,n,0,6,0
e,a,y,0,0,9
e,n,g,0,6,3
e,n,n,0,6,0
p,p,n,1,7,0
e,n,w,0,6,8
e,n,n,0,6,0
e,n,w,0,6,8
e,n,w,0,6,8
e,a,y,0,0,9
e,n,g,0,6,3
e,n,g,0,6,3
e,n,n,0,6,0
e,n,n,0,6,0
e,n,w,0,6,8
e,n,e,0,6,7
e,n,n,0,6,0
p,p,w,1,7,8
e,n,n,0,6,0
e,n,n,0,6,0
p,p,w,1,7,8
e,n,g,0,6,3
e,n,w,0,6,8
e,n,n,0,6,0
e,n,g,0,6,3
e,n,g,0,6,3
e,n,g,0,6,3
e,n,g,0,6,3
e,n,n,0,6,0
p,p,w,1,7,8
e,n,g,0,6,3
p,p,w,1,7,8
p,p,w,1,7,8
e,n,n,0,6,0
e,n,g,0,6,3
e,n,g,0,6,3
e,n,g,0,6,3
e,n,g,0,6,3
e,n,g,0,6,3
e,n,g,0,6,3
e,n,n,0,6,0
e,n,w,0,6,8
p,p,w,1,7,8
p,p,n,1,7,0
e,n,w,0,6,8
p,p,n,1,7,0
e,n,n,0,6,0
e,n,w,0,6,8
p,p,n,1,7,0
p,p,w,1,7,8
p,p,n,1,7,0
p,p,w,1,7,8
e,n,w,0,6,8
e,n,n,0,6,0
e,n,w,0,6,8
e,n,g,0,6,3
p,p,n,1,7,0
e,n,w,0,6,8
e,n,e,0,6,7
e,n,g,0,6,3
e,n,w,0,6,8
p,p,w,1,7,8
e,n,n,0,6,0
e,n,w,0,6,8
p,p,w,1,7,8
e,n,n,0,6,0
e,n,w,0,6,8
e,n,w,0,6,8
e,n,w,0,6,8
e,a,y,0,0,9
e,n,g,0,6,3
e,n,w,0,6,8
e,n,n,0,6,0
e,n,n,0,6,0
e,n,g,0,6,3
p,p,n,1,7,0
e,n,g,0,6,3
e,n,n,0,6,0
e,n,w,0,6,8
e,n,n,0,6,0
e,n,g,0,6,3
e,n,w,0,6,8
p,p,w,1,7,8
p,p,w,1,7,8
e,n,g,0,6,3
e,n,n,0,6,0
e,n,g,0,6,3
e,a,y,0,0,9
e,n,w,0,6,8
e,n,w,0,6,8
e,n,g,0,6,3
e,n,w,0,6,8
e,n,n,0,6,0
e,n,g,0,6,3
e,n,g,0,6,3
e,n,n,0,6,0
e,n,w,0,6,8
e,n,w,0,6,8
e,n,g,0,6,3
e,n,w,0,6,8
e,n,n,0,6,0
p,p,w,1,7,8
e,n,g,0,6,3
e,l,y,0,1,9
e,n,n,0,6,0
e,n,g,0,6,3
e,n,n,0,6,0
e,l,y,0,1,9
e,n,w,0,6,8
e,n,n,0,6,0
p,p,w,1,7,8
e,n,w,0,6,8
p,p,w,1,7,8
e,n,n,0,6,0
e,n,n,0,6,0
e,l,y,0,1,9
e,n,g,0,6,3
e,n,g,0,6,3
e,n,g,0,6,3
e,n,g,0,6,3
e,n,w,0,6,8
p,p,n,1,7,0
e,n,g,0,6,3
e,n,w,0,6,8
e,n,n,0,6,0
e,n,n,0,6,0
e,n,e,0,6,7
e,a,y,0,0,9
e,n,w,0,6,8
e,n,w,0,6,8
e,n,n,0,6,0
p,p,w,1,7,8
e,n,g,0,6,3
e,n,w,0,6,8
e,n,w,0,6,8
p,p,n,1,7,0
e,n,w,0,6,8
e,n,n,0,6,0
e,n,g,0,6,3
e,n,g,0,6,3
e,n,n,0,6,0
e,n,w,0,6,8
e,n,n,0,6,0
e,n,n,0,6,0
e,n,w,0,6,8
e,n,n,0,6,0
e,n,w,0,6,8
e,n,n,0,6,0
e,n,w,0,6,8
e,n,n,0,6,0
p,p,n,1,7,0
e,n,w,0,6,8
e,n,w,0,6,8
e,n,n,0,6,0
e,n,w,0,6,8
e,n,g,0,6,3
e,n,n,0,6,0
e,n,g,0,6,3
e,n,w,0,6,8
e,n,n,0,6,0
e,n,n,0,6,0
e,n,w,0,6,8
e,l,y,0,1,9
p,p,n,1,7,0
p,p,n,1,7,0
e,n,w,0,6,8
e,n,n,0,6,0
p,p,n,1,7,0
e,n,n,0,6,0
p,p,w,1,7,8
e,n,n,0,6,0
p,p,w,1,7,8
e,n,n,0,6,0
e,n,g,0,6,3
e,n,g,0,6,3
e,n,n,0,6,0
e,n,g,0,6,3
e,n,n,0,6,0
e,n,n,0,6,0
e,n,g,0,6,3
e,n,w,0,6,8
e,n,w,0,6,8
e,n,w,0,6,8
e,n,g,0,6,3
e,n,n,0,6,0
e,n,w,0,6,8
e,n,n,0,6,0
e,n,g,0,6,3
p,p,w,1,7,8
e,n,n,0,6,0
e,a,y,0,0,9
e,n,g,0,6,3
e,n,g,0,6,3
e,n,g,0,6,3
p,p,w,1,7,8
e,n,w,0,6,8
e,n,w,0,6,8
e,n,g,0,6,3
e,n,n,0,6,0
e,n,n,0,6,0
e,n,n,0,6,0
e,n,n,0,6,0
e,n,w,0,6,8
e,n,w,0,6,8
e,n,n,0,6,0
e,l,w,0,1,8
e,n,n,0,6,0
e,n,g,0,6,3
e,n,w,0,6,8
p,p,w,1,7,8
e,n,w,0,6,8
e,n,n,0,6,0
e,n,g,0,6,3
e,n,g,0,6,3
e,n,n,0,6,0
e,n,n,0,6,0
e,n,g,0,6,3
e,l,n,0,1,0
p,p,n,1,7,0
e,n,n,0,6,0
e,n,n,0,6,0
p,p,w,1,7,8
p,p,w,1,7,8
p,p,n,1,7,0
e,n,n,0,6,0
e,l,w,0,1,8
p,p,w,1,7,8
e,n,w,0,6,8
e,n,w,0,6,8
e,n,n,0,6,0
e,n,n,0,6,0
e,n,n,0,6,0
e,n,n,0,6,0
p,p,n,1,7,0
p,p,w,1,7,8
e,n,n,0,6,0
e,n,g,0,6,3
e,n,n,0,6,0
e,n,g,0,6,3
e,n,n,0,6,0
p,p,n,1,7,0
e,n,n,0,6,0
p,p,n,1,7,0
e,n,g,0,6,3
e,n,w,0,6,8
e,n,w,0,6,8
e,n,n,0,6,0
e,n,n,0,6,0
p,p,w,1,7,8
e,n,n,0,6,0
e,n,w,0,6,8
e,n,w,0,6,8
e,a,w,0,0,8
e,n,n,0,6,0
e,n,g,0,6,3
e,n,n,0,6,0
e,a,y,0,0,9
e,n,g,0,6,3
e,n,n,0,6,0
e,n,e,0,6,7
e,n,g,0,6,3
p,p,w,1,7,8
e,n,w,0,6,8
e,n,g,0,6,3
e,n,n,0,6,0
e,n,n,0,6,0
e,n,w,0,6,8
p,p,w,1,7,8
e,n,w,0,6,8
e,n,n,0,6,0
e,n,n,0,6,0
e,n,g,0,6,3
e,n,n,0,6,0
e,l,y,0,1,9
p,p,n,1,7,0
e,n,w,0,6,8
e,n,w,0,6,8
e,n,n,0,6,0
p,p,n,1,7,0
e,n,g,0,6,3
p,p,w,1,7,8
e,n,n,0,6,0
e,n,g,0,6,3
e,n,g,0,6,3
e,n,n,0,6,0
e,n,g,0,6,3
e,n,w,0,6,8
e,n,n,0,6,0
e,n,g,0,6,3
e,n,n,0,6,0
e,a,y,0,0,9
e,n,g,0,6,3
e,n,g,0,6,3
e,n,w,0,6,8
e,n,n,0,6,0
p,p,n,1,7,0
e,n,n,0,6,0
e,n,n,0,6,0
e,n,n,0,6,0
e,n,w,0,6,8
e,n,g,0,6,3
e,n,n,0,6,0
e,a,y,0,0,9
e,a,w,0,0,8
e,n,g,0,6,3
e,n,n,0,6,0
e,n,n,0,6,0
e,a,y,0,0,9
e,n,n,0,6,0
e,l,w,0,1,8
e,n,w,0,6,8
e,n,w,0,6,8
e,n,n,0,6,0
e,n,n,0,6,0
e,n,n,0,6,0
e,n,n,0,6,0
e,n,g,0,6,3
e,a,y,0,0,9
e,n,w,0,6,8
p,p,w,1,7,8
e,n,w,0,6,8
p,p,w,1,7,8
e,n,g,0,6,3
e,n,g,0,6,3
p,p,w,1,7,8
e,n,g,0,6,3
p,p,w,1,7,8
e,n,g,0,6,3
e,n,w,0,6,8
p,p,w,1,7,8
e,n,w,0,6,8
e,n,n,0,6,0
e,n,w,0,6,8
e,n,w,0,6,8
e,n,e,0,6,7
p,p,n,1,7,0
e,n,g,0,6,3
e,a,y,0,0,9
e,n,n,0,6,0
e,n,n,0,6,0
e,l,w,0,1,8
e,n,g,0,6,3
e,n,w,0,6,8
e,n,n,0,6,0
p,p,n,1,7,0
e,n,n,0,6,0
e,a,y,0,0,9
e,n,g,0,6,3
e,n,n,0,6,0
e,n,g,0,6,3
e,n,g,0,6,3
e,n,n,0,6,0
e,n,n,0,6,0
e,l,w,0,1,8
e,n,g,0,6,3
p,p,n,1,7,0
e,n,w,0,6,8
p,p,n,1,7,0
e,n,n,0,6,0
e,n,n,0,6,0
e,n,w,0,6,8
e,n,n,0,6,0
e,n,n,0,6,0
e,l,y,0,1,9
e,n,w,0,6,8
e,n,w,0,6,8
p,p,n,1,7,0
e,n,g,0,6,3
p,p,n,1,7,0
e,n,w,0,6,8
e,n,n,0,6,0
e,n,g,0,6,3
p,p,n,1,7,0
e,n,g,0,6,3
p,p,w,1,7,8
e,n,n,0,6,0
e,n,n,0,6,0
e,a,y,0,0,9
e,n,w,0,6,8
e,n,w,0,6,8
e,n,g,0,6,3
e,n,g,0,6,3
e,n,w,0,6,8
e,n,g,0,6,3
e,n,g,0,6,3
e,n,g,0,6,3
e,n,g,0,6,3
e,n,g,0,6,3
e,l,n,0,1,0
e,n,g,0,6,3
e,n,g,0,6,3
e,n,w,0,6,8
e,n,n,0,6,0
e,n,w,0,6,8
e,n,n,0,6,0
e,n,g,0,6,3
e,n,n,0,6,0
e,n,n,0,6,0
e,n,n,0,6,0
e,n,n,0,6,0
e,n,w,0,6,8
e,n,n,0,6,0
p,p,w,1,7,8
p,p,n,1,7,0
e,n,n,0,6,0
e,n,w,0,6,8
e,n,g,0,6,3
e,n,n,0,6,0
e,n,n,0,6,0
e,n,g,0,6,3
e,n,g,0,6,3
e,n,n,0,6,0
e,n,g,0,6,3
e,n,e,0,6,7
p,p,w,1,7,8
e,n,n,0,6,0
e,n,n,0,6,0
p,p,n,1,7,0
p,p,w,1,7,8
p,p,w,1,7,8
e,n,w,0,6,8
e,n,n,0,6,0
e,n,n,0,6,0
e,n,n,0,6,0
e,n,n,0,6,0
p,p,w,1,7,8
p,p,w,1,7,8
e,n,g,0,6,3
e,n,n,0,6,0
e,n,n,0,6,0
e,n,n,0,6,0
e,n,n,0,6,0
e,n,w,0,6,8
e,n,w,0,6,8
e,n,w,0,6,8
e,l,y,0,1,9
e,n,g,0,6,3
e,n,w,0,6,8
e,n,n,0,6,0
e,n,n,0,6,0
e,n,w,0,6,8
e,n,n,0,6,0
e,n,g,0,6,3
e,n,g,0,6,3
e,n,w,0,6,8
e,n,n,0,6,0
e,n,g,0,6,3
e,n,w,0,6,8
e,n,w,0,6,8
e,n,g,0,6,3
e,n,g,0,6,3
e,a,y,0,0,9
e,l,y,0,1,9
e,n,w,0,6,8
p,p,n,1,7,0
e,n,w,0,6,8
p,p,w,1,7,8
e,n,g,0,6,3
p,p,w,1,7,8
e,l,y,0,1,9
e,l,w,0,1,8
e,l,n,0,1,0
e,n,w,0,6,8
e,n,n,0,6,0
e,n,g,0,6,3
e,n,w,0,6,8
e,n,n,0,6,0
e,n,n,0,6,0
e,n,g,0,6,3
e,l,w,0,1,8
e,n,g,0,6,3
e,l,y,0,1,9
p,p,w,1,7,8
e,n,w,0,6,8
e,n,n,0,6,0
e,n,g,0,6,3
e,n,g,0,6,3
e,n,n,0,6,0
e,n,n,0,6,0
e,a,y,0,0,9
e,n,g,0,6,3
e,n,g,0,6,3
e,n,n,0,6,0
e,n,w,0,6,8
e,n,g,0,6,3
e,n,w,0,6,8
e,n,g,0,6,3
e,n,g,0,6,3
e,n,n,0,6,0
e,n,n,0,6,0
e,n,w,0,6,8
e,n,n,0,6,0
p,p,n,1,7,0
e,n,n,0,6,0
e,n,n,0,6,0
e,n,w,0,6,8
p,p,n,1,7,0
e,n,g,0,6,3
e,n,g,0,6,3
e,n,w,0,6,8
e,n,g,0,6,3
e,n,n,0,6,0
e,n,g,0,6,3
e,n,w,0,6,8
e,n,g,0,6,3
e,l,w,0,1,8
e,l,w,0,1,8
e,n,g,0,6,3
e,n,w,0,6,8
e,n,n,0,6,0
e,n,w,0,6,8
e,n,n,0,6,0
e,n,n,0,6,0
e,a,y,0,0,9
p,p,w,1,7,8
e,n,n,0,6,0
e,n,n,0,6,0
e,a,n,0,0,0
e,n,g,0,6,3
e,n,w,0,6,8
p,p,n,1,7,0
e,n,g,0,6,3
e,n,w,0,6,8
p,p,n,1,7,0
e,n,n,0,6,0
e,n,n,0,6,0
e,n,n,0,6,0
e,n,w,0,6,8
p,p,w,1,7,8
e,n,w,0,6,8
e,n,n,0,6,0
e,n,g,0,6,3
e,n,w,0,6,8
e,l,n,0,1,0
p,p,w,1,7,8
e,n,w,0,6,8
e,n,n,0,6,0
p,p,n,1,7,0
e,n,w,0,6,8
e,n,g,0,6,3
e,a,y,0,0,9
e,n,w,0,6,8
e,n,w,0,6,8
p,p,n,1,7,0
e,n,n,0,6,0
e,n,g,0,6,3
e,n,n,0,6,0
e,n,n,0,6,0
e,n,g,0,6,3
e,n,g,0,6,3
e,n,w,0,6,8
e,n,g,0,6,3
e,n,n,0,6,0
e,n,w,0,6,8
p,p,w,1,7,8
e,n,g,0,6,3
e,n,n,0,6,0
e,n,n,0,6,0
e,a,y,0,0,9
e,n,g,0,6,3
e,n,n,0,6,0
e,n,w,0,6,8
e,a,y,0,0,9
e,n,n,0,6,0
e,n,w,0,6,8
e,n,w,0,6,8
p,p,n,1,7,0
p,p,w,1,7,8
e,n,n,0,6,0
e,n,g,0,6,3
e,n,n,0,6,0
e,n,w,0,6,8
p,p,w,1,7,8
e,a,y,0,0,9
e,n,n,0,6,0
p,p,n,1,7,0
e,n,g,0,6,3
e,n,g,0,6,3
e,n,w,0,6,8
p,p,w,1,7,8
e,n,w,0,6,8
e,n,n,0,6,0
e,n,n,0,6,0
e,n,n,0,6,0
p,p,n,1,7,0
e,n,w,0,6,8
e,n,w,0,6,8
p,p,w,1,7,8
e,n,g,0,6,3
e,n,n,0,6,0
e,n,g,0,6,3
e,n,g,0,6,3
e,n,n,0,6,0
e,n,n,0,6,0
e,n,e,0,6,7
e,n,g,0,6,3
e,n,g,0,6,3
e,n,g,0,6,3
e,n,g,0,6,3
p,p,n,1,7,0
e,n,n,0,6,0
p,p,n,1,7,0
e,a,w,0,0,8
e,n,w,0,6,8
e,a,y,0,0,9
p,f,g,1,4,3
e,n,n,0,6,0
e,n,w,0,6,8
e,n,n,0,6,0
e,n,n,0,6,0
e,n,n,0,6,0
p,p,w,1,7,8
e,n,n,0,6,0
e,l,w,0,1,8
e,n,g,0,6,3
e,n,e,0,6,7
e,n,w,0,6,8
e,n,g,0,6,3
e,n,n,0,6,0
e,n,g,0,6,3
e,n,g,0,6,3
e,n,w,0,6,8
e,n,g,0,6,3
e,n,n,0,6,0
e,n,e,0,6,7
e,n,n,0,6,0
e,n,w,0,6,8
e,n,n,0,6,0
e,n,g,0,6,3
e,n,g,0,6,3
e,n,w,0,6,8
e,n,g,0,6,3
p,p,n,1,7,0
e,n,e,0,6,7
e,n,w,0,6,8
e,n,g,0,6,3
e,n,g,0,6,3
e,n,g,0,6,3
e,n,n,0,6,0
e,n,e,0,6,7
e,n,w,0,6,8
e,n,e,0,6,7
e,n,n,0,6,0
e,n,g,0,6,3
e,n,n,0,6,0
e,a,y,0,0,9
e,n,e,0,6,7
p,p,w,1,7,8
e,n,w,0,6,8
e,n,e,0,6,7
e,n,n,0,6,0
e,n,w,0,6,8
e,n,g,0,6,3
e,n,g,0,6,3
e,n,e,0,6,7
e,n,n,0,6,0
e,n,w,0,6,8
e,n,n,0,6,0
e,n,w,0,6,8
e,n,n,0,6,0
e,n,e,0,6,7
e,n,w,0,6,8
e,n,g,0,6,3
e,n,e,0,6,7
e,n,e,0,6,7
e,n,g,0,6,3
e,n,e,0,6,7
e,n,n,0,6,0
e,n,w,0,6,8
e,n,w,0,6,8
e,n,w,0,6,8
e,n,e,0,6,7
e,n,n,0,6,0
e,n,n,0,6,0
e,l,w,0,1,8
e,n,w,0,6,8
p,p,w,1,7,8
e,n,g,0,6,3
e,n,n,0,6,0
e,n,w,0,6,8
e,n,w,0,6,8
e,n,n,0,6,0
e,n,n,0,6,0
e,n,g,0,6,3
e,n,n,0,6,0
e,n,n,0,6,0
e,n,g,0,6,3
e,n,n,0,6,0
e,n,g,0,6,3
e,n,g,0,6,3
e,n,w,0,6,8
e,n,n,0,6,0
e,n,w,0,6,8
e,n,g,0,6,3
e,n,n,0,6,0
e,n,n,0,6,0
e,n,n,0,6,0
e,n,g,0,6,3
e,n,w,0,6,8
e,n,e,0,6,7
e,n,g,0,6,3
e,n,e,0,6,7
e,n,g,0,6,3
e,n,g,0,6,3
e,l,y,0,1,9
p,p,w,1,7,8
e,n,n,0,6,0
e,n,n,0,6,0
e,n,n,0,6,0
e,n,e,0,6,7
e,n,g,0,6,3
e,n,n,0,6,0
e,n,g,0,6,3
e,n,e,0,6,7
e,n,n,0,6,0
e,n,n,0,6,0
e,n,n,0,6,0
e,n,w,0,6,8
e,n,g,0,6,3
p,p,w,1,7,8
e,a,w,0,0,8
e,n,n,0,6,0
e,n,g,0,6,3
e,n,n,0,6,0
e,n,n,0,6,0
e,l,w,0,1,8
e,n,w,0,6,8
e,n,w,0,6,8
e,n,g,0,6,3
e,n,e,0,6,7
e,n,n,0,6,0
e,n,n,0,6,0
e,n,w,0,6,8
e,n,n,0,6,0
p,p,w,1,7,8
e,n,n,0,6,0
e,n,g,0,6,3
e,n,g,0,6,3
e,n,g,0,6,3
e,n,g,0,6,3
e,n,e,0,6,7
e,n,g,0,6,3
e,n,g,0,6,3
e,n,n,0,6,0
p,p,w,1,7,8
e,n,n,0,6,0
e,n,n,0,6,0
e,n,g,0,6,3
p,p,n,1,7,0
e,n,g,0,6,3
e,n,g,0,6,3
e,n,e,0,6,7
e,n,n,0,6,0
e,n,w,0,6,8
e,n,n,0,6,0
e,n,e,0,6,7
e,n,n,0,6,0
e,n,n,0,6,0
e,n,w,0,6,8
e,n,n,0,6,0
e,n,n,0,6,0
p,p,n,1,7,0
e,n,n,0,6,0
e,n,n,0,6,0
p,p,w,1,7,8
e,n,n,0,6,0
e,n,g,0,6,3
e,n,n,0,6,0
e,n,e,0,6,7
e,n,w,0,6,8
e,n,w,0,6,8
e,l,w,0,1,8
e,n,w,0,6,8
e,n,g,0,6,3
e,n,g,0,6,3
e,n,g,0,6,3
p,p,w,1,7,8
e,n,e,0,6,7
p,p,n,1,7,0
p,p,n,1,7,0
e,n,g,0,6,3
e,n,n,0,6,0
e,n,g,0,6,3
e,n,n,0,6,0
e,n,n,0,6,0
e,n,n,0,6,0
e,n,n,0,6,0
e,n,n,0,6,0
e,n,n,0,6,0
e,n,n,0,6,0
e,n,e,0,6,7
e,n,n,0,6,0
e,n,n,0,6,0
p,p,w,1,7,8
e,l,y,0,1,9
p,p,n,1,7,0
e,n,w,0,6,8
e,n,n,0,6,0
p,p,n,1,7,0
e,n,n,0,6,0
e,n,n,0,6,0
e,n,e,0,6,7
e,n,n,0,6,0
e,n,w,0,6,8
e,n,g,0,6,3
e,n,w,0,6,8
e,a,y,0,0,9
e,a,w,0,0,8
e,n,n,0,6,0
e,n,n,0,6,0
e,n,g,0,6,3
e,n,n,0,6,0
e,n,n,0,6,0
e,n,g,0,6,3
e,n,n,0,6,0
e,n,g,0,6,3
e,n,n,0,6,0
e,n,n,0,6,0
e,l,w,0,1,8
e,n,e,0,6,7
e,n,n,0,6,0
e,n,e,0,6,7
e,n,n,0,6,0
e,n,g,0,6,3
e,n,g,0,6,3
e,n,n,0,6,0
e,n,g,0,6,3
e,n,g,0,6,3
e,n,e,0,6,7
e,n,g,0,6,3
e,n,n,0,6,0
e,n,n,0,6,0
e,n,n,0,6,0
e,n,w,0,6,8
e,a,y,0,0,9
e,n,e,0,6,7
e,n,n,0,6,0
e,n,n,0,6,0
e,n,g,0,6,3
e,n,w,0,6,8
e,a,w,0,0,8
e,n,n,0,6,0
e,n,w,0,6,8
e,n,n,0,6,0
e,n,w,0,6,8
e,n,g,0,6,3
e,n,n,0,6,0
e,n,w,0,6,8
e,a,w,0,0,8
e,n,g,0,6,3
p,p,n,1,7,0
e,n,g,0,6,3
e,n,n,0,6,0
e,n,w,0,6,8
e,n,n,0,6,0
e,n,e,0,6,7
p,p,n,1,7,0
e,n,g,0,6,3
e,n,g,0,6,3
e,n,g,0,6,3
e,n,g,0,6,3
e,n,g,0,6,3
e,n,n,0,6,0
p,p,w,1,7,8
e,l,y,0,1,9
e,n,n,0,6,0
e,n,n,0,6,0
e,n,g,0,6,3
e,n,e,0,6,7
e,n,g,0,6,3
e,n,w,0,6,8
e,n,n,0,6,0
e,n,n,0,6,0
e,n,g,0,6,3
e,n,g,0,6,3
e,n,n,0,6,0
e,n,g,0,6,3
e,n,e,0,6,7
p,p,n,1,7,0
e,n,g,0,6,3
e,n,w,0,6,8
e,a,w,0,0,8
e,n,w,0,6,8
e,n,n,0,6,0
e,n,g,0,6,3
e,n,g,0,6,3
e,n,g,0,6,3
p,p,w,1,7,8
e,n,n,0,6,0
e,n,g,0,6,3
e,n,g,0,6,3
e,n,n,0,6,0
e,n,e,0,6,7
e,n,n,0,6,0
e,n,e,0,6,7
e,n,n,0,6,0
e,n,e,0,6,7
e,n,g,0,6,3
e,n,g,0,6,3
e,n,e,0,6,7
e,n,e,0,6,7
p,p,w,1,7,8
e,n,e,0,6,7
e,n,g,0,6,3
e,n,n,0,6,0
e,n,e,0,6,7
e,n,g,0,6,3
e,n,g,0,6,3
e,n,g,0,6,3
e,n,e,0,6,7
e,n,e,0,6,7
e,n,n,0,6,0
e,n,n,0,6,0
e,n,g,0,6,3
e,n,e,0,6,7
e,n,g,0,6,3
e,n,g,0,6,3
p,f,g,1,4,3
p,p,w,1,7,8
e,n,e,0,6,7
e,n,w,0,6,8
e,n,n,0,6,0
e,n,n,0,6,0
e,n,n,0,6,0
e,n,g,0,6,3
e,n,g,0,6,3
e,n,e,0,6,7
e,n,n,0,6,0
e,n,g,0,6,3
e,n,e,0,6,7
e,n,e,0,6,7
e,n,n,0,6,0
e,n,e,0,6,7
e,n,n,0,6,0
e,n,n,0,6,0
e,n,n,0,6,0
p,p,n,1,7,0
e,n,e,0,6,7
p,p,w,1,7,8
e,n,e,0,6,7
e,n,n,0,6,0
e,n,n,0,6,0
e,n,e,0,6,7
e,n,e,0,6,7
e,n,g,0,6,3
e,n,n,0,6,0
e,n,n,0,6,0
e,n,n,0,6,0
e,n,e,0,6,7
e,n,n,0,6,0
e,n,e,0,6,7
e,n,g,0,6,3
e,n,n,0,6,0
e,n,n,0,6,0
e,n,e,0,6,7
e,n,e,0,6,7
e,n,g,0,6,3
e,n,g,0,6,3
e,n,e,0,6,7
e,n,g,0,6,3
e,n,g,0,6,3
e,n,g,0,6,3
e,n,g,0,6,3
e,n,e,0,6,7
e,n,n,0,6,0
e,n,n,0,6,0
e,n,e,0,6,7
p,f,g,1,4,3
e,n,g,0,6,3
e,n,e,0,6,7
e,n,n,0,6,0
e,n,n,0,6,0
e,n,e,0,6,7
e,n,n,0,6,0
e,n,n,0,6,0
e,n,g,0,6,3
e,n,e,0,6,7
e,n,g,0,6,3
e,n,g,0,6,3
e,n,n,0,6,0
e,n,g,0,6,3
e,n,g,0,6,3
e,n,e,0,6,7
e,n,g,0,6,3
e,n,e,0,6,7
e,n,g,0,6,3
e,n,g,0,6,3
e,n,g,0,6,3
e,n,g,0,6,3
e,n,w,0,6,8
e,n,n,0,6,0
e,n,n,0,6,0
e,n,g,0,6,3
e,n,g,0,6,3
e,n,e,0,6,7
e,n,e,0,6,7
e,n,n,0,6,0
e,n,g,0,6,3
e,n,g,0,6,3
p,c,p,1,2,5
e,n,n,0,6,0
e,n,g,0,6,3
e,n,e,0,6,7
e,n,n,0,6,0
e,n,n,0,6,0
e,n,g,0,6,3
e,n,n,0,6,0
e,n,n,0,6,0
e,n,n,0,6,0
e,n,e,0,6,7
e,n,g,0,6,3
e,n,e,0,6,7
e,n,e,0,6,7
e,n,n,0,6,0
e,n,e,0,6,7
e,n,e,0,6,7
e,n,w,0,6,8
e,n,g,0,6,3
e,n,e,0,6,7
e,n,g,0,6,3
e,n,e,0,6,7
e,n,g,0,6,3
e,n,e,0,6,7
e,n,g,0,6,3
e,n,e,0,6,7
e,n,g,0,6,3
e,n,g,0,6,3
p,f,g,1,4,3
e,n,e,0,6,7
e,n,e,0,6,7
p,p,w,1,7,8
e,n,n,0,6,0
e,n,e,0,6,7
e,n,e,0,6,7
e,n,g,0,6,3
e,n,g,0,6,3
e,n,g,0,6,3
e,n,n,0,6,0
e,n,e,0,6,7
e,n,g,0,6,3
e,n,n,0,6,0
e,n,g,0,6,3
e,n,g,0,6,3
e,n,n,0,6,0
e,n,g,0,6,3
e,n,n,0,6,0
e,n,g,0,6,3
e,n,e,0,6,7
e,n,n,0,6,0
e,n,g,0,6,3
e,n,n,0,6,0
e,n,n,0,6,0
e,n,e,0,6,7
e,n,e,0,6,7
e,n,n,0,6,0
e,n,w,0,6,8
e,n,n,0,6,0
e,n,e,0,6,7
e,n,g,0,6,3
e,n,g,0,6,3
e,n,n,0,6,0
e,n,g,0,6,3
e,n,e,0,6,7
e,n,g,0,6,3
e,n,n,0,6,0
e,n,e,0,6,7
e,n,n,0,6,0
e,n,g,0,6,3
e,n,g,0,6,3
e,n,n,0,6,0
e,n,n,0,6,0
e,n,e,0,6,7
e,n,g,0,6,3
e,n,n,0,6,0
p,c,p,1,2,5
e,n,g,0,6,3
e,n,n,0,6,0
p,p,n,1,7,0
e,n,n,0,6,0
e,n,g,0,6,3
e,n,e,0,6,7
e,n,e,0,6,7
e,n,e,0,6,7
e,n,g,0,6,3
e,n,w,0,6,8
e,n,g,0,6,3
e,n,n,0,6,0
e,n,n,0,6,0
e,n,g,0,6,3
e,n,e,0,6,7
e,n,n,0,6,0
e,n,g,0,6,3
e,n,g,0,6,3
e,n,g,0,6,3
e,n,g,0,6,3
e,n,g,0,6,3
e,n,e,0,6,7
e,n,e,0,6,7
e,n,n,0,6,0
e,n,n,0,6,0
e,n,n,0,6,0
e,n,n,0,6,0
e,n,g,0,6,3
e,n,e,0,6,7
e,n,n,0,6,0
e,n,e,0,6,7
e,n,n,0,6,0
e,n,g,0,6,3
e,n,n,0,6,0
e,n,g,0,6,3
e,n,e,0,6,7
e,n,n,0,6,0
e,n,g,0,6,3
e,n,e,0,6,7
e,n,n,0,6,0
e,n,n,0,6,0
e,n,g,0,6,3
e,n,n,0,6,0
e,n,e,0,6,7
e,n,n,0,6,0
e,n,n,0,6,0
e,n,n,0,6,0
e,n,e,0,6,7
e,n,e,0,6,7
e,n,g,0,6,3
e,n,g,0,6,3
e,n,e,0,6,7
e,n,n,0,6,0
e,n,e,0,6,7
e,n,g,0,6,3
e,n,g,0,6,3
e,n,e,0,6,7
e,n,n,0,6,0
e,n,n,0,6,0
e,n,g,0,6,3
e,n,w,0,6,8
e,n,g,0,6,3
e,n,g,0,6,3
e,n,n,0,6,0
e,n,e,0,6,7
p,p,w,1,7,8
e,n,g,0,6,3
e,n,n,0,6,0
e,n,g,0,6,3
e,n,e,0,6,7
e,n,g,0,6,3
e,n,n,0,6,0
e,n,e,0,6,7
e,n,n,0,6,0
e,n,n,0,6,0
e,n,n,0,6,0
e,n,g,0,6,3
e,n,n,0,6,0
e,n,e,0,6,7
e,n,n,0,6,0
e,n,e,0,6,7
e,n,w,0,6,8
e,n,n,0,6,0
e,n,g,0,6,3
e,n,n,0,6,0
e,n,e,0,6,7
e,n,n,0,6,0
e,n,n,0,6,0
e,n,n,0,6,0
p,p,w,1,7,8
e,n,g,0,6,3
e,n,w,0,6,8
e,n,g,0,6,3
e,n,g,0,6,3
e,n,n,0,6,0
e,n,e,0,6,7
e,n,g,0,6,3
e,n,n,0,6,0
e,n,n,0,6,0
p,f,g,1,4,3
e,n,e,0,6,7
e,n,n,0,6,0
p,p,w,1,7,8
e,n,g,0,6,3
e,n,n,0,6,0
e,n,n,0,6,0
e,n,g,0,6,3
e,n,g,0,6,3
e,n,n,0,6,0
e,n,n,0,6,0
e,n,g,0,6,3
e,n,g,0,6,3
e,n,e,0,6,7
e,n,e,0,6,7
p,p,w,1,7,8
e,n,g,0,6,3
e,n,g,0,6,3
e,n,e,0,6,7
e,n,g,0,6,3
e,n,n,0,6,0
e,n,e,0,6,7
e,n,e,0,6,7
e,n,e,0,6,7
e,n,g,0,6,3
e,n,g,0,6,3
e,n,n,0,6,0
e,n,n,0,6,0
e,n,g,0,6,3
e,n,g,0,6,3
e,n,n,0,6,0
e,n,n,0,6,0
e,n,n,0,6,0
e,n,n,0,6,0
e,n,n,0,6,0
e,n,n,0,6,0
e,n,n,0,6,0
e,n,n,0,6,0
e,n,g,0,6,3
e,n,e,0,6,7
e,n,n,0,6,0
p,c,p,1,2,5
e,n,e,0,6,7
e,n,n,0,6,0
e,n,n,0,6,0
e,n,e,0,6,7
e,n,e,0,6,7
e,n,g,0,6,3
e,n,g,0,6,3
e,n,g,0,6,3
e,n,g,0,6,3
e,n,g,0,6,3
e,n,e,0,6,7
e,n,n,0,6,0
e,n,e,0,6,7
e,n,g,0,6,3
e,n,g,0,6,3
e,n,g,0,6,3
p,f,g,1,4,3
e,n,n,0,6,0
e,n,e,0,6,7
e,n,n,0,6,0
e,n,n,0,6,0
e,n,n,0,6,0
e,n,g,0,6,3
e,n,g,0,6,3
e,n,g,0,6,3
e,n,g,0,6,3
e,n,g,0,6,3
e,n,e,0,6,7
e,n,n,0,6,0
e,n,e,0,6,7
e,n,g,0,6,3
e,n,n,0,6,0
e,n,e,0,6,7
e,n,n,0,6,0
e,n,g,0,6,3
e,n,g,0,6,3
e,n,g,0,6,3
e,n,n,0,6,0
e,n,g,0,6,3
e,n,n,0,6,0
e,n,e,0,6,7
e,n,n,0,6,0
e,n,g,0,6,3
e,n,g,0,6,3
e,n,g,0,6,3
e,n,n,0,6,0
e,n,g,0,6,3
e,n,g,0,6,3
e,n,e,0,6,7
e,n,n,0,6,0
e,n,g,0,6,3
p,p,n,1,7,0
e,n,g,0,6,3
e,n,g,0,6,3
e,n,e,0,6,7
p,c,p,1,2,5
e,n,n,0,6,0
e,n,e,0,6,7
e,n,n,0,6,0
e,n,e,0,6,7
e,n,w,0,6,8
e,n,g,0,6,3
e,n,g,0,6,3
e,n,g,0,6,3
e,n,e,0,6,7
e,n,g,0,6,3
e,n,g,0,6,3
e,n,e,0,6,7
p,p,w,1,7,8
e,n,n,0,6,0
e,n,e,0,6,7
e,n,e,0,6,7
e,n,g,0,6,3
e,n,w,0,6,8
e,n,n,0,6,0
e,n,n,0,6,0
e,n,n,0,6,0
e,n,e,0,6,7
e,n,e,0,6,7
e,n,e,0,6,7
e,n,n,0,6,0
e,n,g,0,6,3
e,n,n,0,6,0
e,n,e,0,6,7
e,n,e,0,6,7
p,c,w,1,2,8
e,n,n,0,6,0
e,n,g,0,6,3
e,n,n,0,6,0
e,n,n,0,6,0
e,n,e,0,6,7
e,n,w,0,6,8
e,n,g,0,6,3
e,n,e,0,6,7
e,n,n,0,6,0
e,n,n,0,6,0
e,n,n,0,6,0
e,n,g,0,6,3
e,n,n,0,6,0
e,n,g,0,6,3
e,n,n,0,6,0
e,n,n,0,6,0
e,n,n,0,6,0
e,n,g,0,6,3
e,n,e,0,6,7
e,n,n,0,6,0
p,f,g,1,4,3
e,n,g,0,6,3
e,n,e,0,6,7
p,f,g,1,4,3
e,n,e,0,6,7
e,n,e,0,6,7
p,f,g,1,4,3
p,c,p,1,2,5
e,n,g,0,6,3
e,n,g,0,6,3
e,n,g,0,6,3
e,n,g,0,6,3
e,n,g,0,6,3
e,n,g,0,6,3
e,n,g,0,6,3
e,n,e,0,6,7
e,n,n,0,6,0
e,n,n,0,6,0
e,n,n,0,6,0
e,n,n,0,6,0
e,n,g,0,6,3
e,n,g,0,6,3
e,n,n,0,6,0
e,n,e,0,6,7
e,n,n,0,6,0
e,n,g,0,6,3
e,n,n,0,6,0
p,c,w,1,2,8
e,n,n,0,6,0
e,n,e,0,6,7
e,n,n,0,6,0
e,n,g,0,6,3
e,n,e,0,6,7
p,f,g,1,4,3
e,n,e,0,6,7
e,n,g,0,6,3
e,n,e,0,6,7
e,n,e,0,6,7
p,f,g,1,4,3
e,n,n,0,6,0
e,n,n,0,6,0
e,n,n,0,6,0
e,n,n,0,6,0
e,n,g,0,6,3
e,n,n,0,6,0
e,n,g,0,6,3
e,n,e,0,6,7
e,n,e,0,6,7
e,n,g,0,6,3
e,n,e,0,6,7
e,n,n,0,6,0
e,n,n,0,6,0
e,n,g,0,6,3
e,n,g,0,6,3
e,n,e,0,6,7
e,n,n,0,6,0
e,n,n,0,6,0
e,n,e,0,6,7
e,n,n,0,6,0
e,n,n,0,6,0
e,n,n,0,6,0
p,f,g,1,4,3
e,n,g,0,6,3
e,n,n,0,6,0
e,n,g,0,6,3
e,n,g,0,6,3
e,n,g,0,6,3
e,n,n,0,6,0
e,n,g,0,6,3
e,n,n,0,6,0
e,n,e,0,6,7
e,n,n,0,6,0
p,f,g,1,4,3
e,n,e,0,6,7
e,n,n,0,6,0
e,n,e,0,6,7
e,n,e,0,6,7
e,n,e,0,6,7
e,n,g,0,6,3
e,n,n,0,6,0
e,n,g,0,6,3
e,n,g,0,6,3
e,n,n,0,6,0
e,n,g,0,6,3
e,n,g,0,6,3
e,n,n,0,6,0
e,n,e,0,6,7
e,n,n,0,6,0
e,n,e,0,6,7
e,n,n,0,6,0
e,n,n,0,6,0
e,n,e,0,6,7
e,n,g,0,6,3
e,n,n,0,6,0
p,c,g,1,2,3
e,n,g,0,6,3
e,n,n,0,6,0
e,n,n,0,6,0
e,n,n,0,6,0
e,n,g,0,6,3
e,n,g,0,6,3
e,n,g,0,6,3
e,n,e,0,6,7
e,n,g,0,6,3
e,n,g,0,6,3
e,n,g,0,6,3
e,n,n,0,6,0
e,n,n,0,6,0
e,n,e,0,6,7
e,n,e,0,6,7
e,n,n,0,6,0
e,n,n,0,6,0
e,n,g,0,6,3
e,n,g,0,6,3
e,n,w,0,6,8
e,n,n,0,6,0
e,n,g,0,6,3
e,n,e,0,6,7
e,n,e,0,6,7
e,n,n,0,6,0
e,n,n,0,6,0
e,n,g,0,6,3
e,n,n,0,6,0
e,n,e,0,6,7
e,n,e,0,6,7
e,n,e,0,6,7
e,n,e,0,6,7
e,n,e,0,6,7
e,n,e,0,6,7
e,n,n,0,6,0
e,n,g,0,6,3
e,n,g,0,6,3
e,n,g,0,6,3
e,n,n,0,6,0
e,n,e,0,6,7
e,n,e,0,6,7
e,n,g,0,6,3
e,n,e,0,6,7
e,n,n,0,6,0
e,n,e,0,6,7
e,n,n,0,6,0
e,n,n,0,6,0
e,n,n,0,6,0
e,n,g,0,6,3
e,n,e,0,6,7
e,n,e,0,6,7
e,n,g,0,6,3
e,n,n,0,6,0
e,n,n,0,6,0
e,n,n,0,6,0
p,c,p,1,2,5
e,n,e,0,6,7
e,n,n,0,6,0
e,n,e,0,6,7
e,n,n,0,6,0
e,n,n,0,6,0
e,n,g,0,6,3
e,n,n,0,6,0
e,n,g,0,6,3
e,n,n,0,6,0
e,n,n,0,6,0
e,n,g,0,6,3
e,n,e,0,6,7
e,n,n,0,6,0
p,f,g,1,4,3
e,n,e,0,6,7
e,n,g,0,6,3
e,n,e,0,6,7
e,n,e,0,6,7
e,n,e,0,6,7
e,n,n,0,6,0
e,n,n,0,6,0
e,n,n,0,6,0
e,n,e,0,6,7
e,n,e,0,6,7
e,n,n,0,6,0
e,n,g,0,6,3
e,n,n,0,6,0
e,n,e,0,6,7
e,n,e,0,6,7
e,n,e,0,6,7
e,n,e,0,6,7
e,n,n,0,6,0
e,n,e,0,6,7
e,n,e,0,6,7
e,n,n,0,6,0
e,n,e,0,6,7
e,n,n,0,6,0
e,n,e,0,6,7
e,n,g,0,6,3
e,n,n,0,6,0
e,n,e,0,6,7
e,n,n,0,6,0
e,n,e,0,6,7
e,n,g,0,6,3
e,n,g,0,6,3
e,n,n,0,6,0
e,n,g,0,6,3
e,n,n,0,6,0
e,n,g,0,6,3
e,n,g,0,6,3
e,n,n,0,6,0
e,n,e,0,6,7
e,n,e,0,6,7
e,n,n,0,6,0
e,n,e,0,6,7
e,n,e,0,6,7
e,n,n,0,6,0
e,n,g,0,6,3
e,n,e,0,6,7
e,n,n,0,6,0
e,n,n,0,6,0
e,n,e,0,6,7
e,n,g,0,6,3
e,n,n,0,6,0
e,n,g,0,6,3
p,c,g,1,2,3
e,n,n,0,6,0
e,n,g,0,6,3
e,n,n,0,6,0
e,n,g,0,6,3
e,n,n,0,6,0
e,n,n,0,6,0
e,n,n,0,6,0
e,n,n,0,6,0
e,n,n,0,6,0
e,n,n,0,6,0
e,n,g,0,6,3
e,n,g,0,6,3
e,n,g,0,6,3
e,n,g,0,6,3
e,n,n,0,6,0
e,n,g,0,6,3
p,f,g,1,4,3
e,n,n,0,6,0
e,n,g,0,6,3
e,n,g,0,6,3
p,f,g,1,4,3
e,n,n,0,6,0
e,n,e,0,6,7
e,n,n,0,6,0
e,n,e,0,6,7
e,n,e,0,6,7
e,n,n,0,6,0
e,n,n,0,6,0
e,n,e,0,6,7
e,n,g,0,6,3
e,n,n,0,6,0
e,n,e,0,6,7
e,n,g,0,6,3
e,n,g,0,6,3
e,n,g,0,6,3
e,n,n,0,6,0
e,n,n,0,6,0
e,n,e,0,6,7
e,n,g,0,6,3
e,n,e,0,6,7
e,n,g,0,6,3
e,n,e,0,6,7
e,n,g,0,6,3
e,n,n,0,6,0
e,n,e,0,6,7
e,n,e,0,6,7
e,n,g,0,6,3
p,c,w,1,2,8
e,n,e,0,6,7
e,n,e,0,6,7
e,n,n,0,6,0
e,n,w,0,6,8
e,n,g,0,6,3
e,n,g,0,6,3
e,n,g,0,6,3
e,n,e,0,6,7
e,n,e,0,6,7
e,n,n,0,6,0
e,n,e,0,6,7
e,n,e,0,6,7
e,n,e,0,6,7
e,n,n,0,6,0
e,n,g,0,6,3
e,n,g,0,6,3
e,n,g,0,6,3
e,n,e,0,6,7
e,n,n,0,6,0
e,n,n,0,6,0
e,n,e,0,6,7
e,n,g,0,6,3
e,n,n,0,6,0
e,n,g,0,6,3
e,n,e,0,6,7
e,n,n,0,6,0
e,n,g,0,6,3
e,n,g,0,6,3
e,n,e,0,6,7
e,n,n,0,6,0
e,n,g,0,6,3
e,n,n,0,6,0
e,n,e,0,6,7
e,n,e,0,6,7
e,n,n,0,6,0
e,n,n,0,6,0
e,n,g,0,6,3
e,n,e,0,6,7
e,n,n,0,6,0
e,n,n,0,6,0
e,n,e,0,6,7
e,n,g,0,6,3
e,n,g,0,6,3
p,c,p,1,2,5
e,n,n,0,6,0
e,n,e,0,6,7
e,n,n,0,6,0
e,n,g,0,6,3
e,n,g,0,6,3
e,n,n,0,6,0
e,n,g,0,6,3
e,n,g,0,6,3
e,n,n,0,6,0
e,n,e,0,6,7
e,n,n,0,6,0
e,n,g,0,6,3
e,n,n,0,6,0
e,n,g,0,6,3
e,n,e,0,6,7
e,n,g,0,6,3
e,n,g,0,6,3
e,n,e,0,6,7
p,c,p,1,2,5
e,n,n,0,6,0
e,n,e,0,6,7
e,n,g,0,6,3
e,n,g,0,6,3
e,n,g,0,6,3
e,n,e,0,6,7
e,n,n,0,6,0
e,n,g,0,6,3
e,n,e,0,6,7
e,n,n,0,6,0
e,n,g,0,6,3
e,n,n,0,6,0
e,n,e,0,6,7
e,n,e,0,6,7
e,n,g,0,6,3
e,n,g,0,6,3
e,n,e,0,6,7
e,n,g,0,6,3
e,n,e,0,6,7
e,n,e,0,6,7
e,n,w,0,6,8
e,n,n,0,6,0
e,n,e,0,6,7
e,n,e,0,6,7
e,n,g,0,6,3
e,n,n,0,6,0
p,c,g,1,2,3
e,n,e,0,6,7
e,n,g,0,6,3
e,n,n,0,6,0
e,n,e,0,6,7
p,c,w,1,2,8
e,n,e,0,6,7
e,n,g,0,6,3
e,n,n,0,6,0
e,n,n,0,6,0
e,n,n,0,6,0
e,n,g,0,6,3
e,n,n,0,6,0
e,n,g,0,6,3
e,n,n,0,6,0
e,n,g,0,6,3
p,f,g,1,4,3
e,n,g,0,6,3
e,n,g,0,6,3
e,n,g,0,6,3
e,n,e,0,6,7
e,n,g,0,6,3
e,n,g,0,6,3
e,n,g,0,6,3
e,n,e,0,6,7
e,n,g,0,6,3
e,n,e,0,6,7
e,n,n,0,6,0
e,n,g,0,6,3
e,n,e,0,6,7
e,n,n,0,6,0
e,n,e,0,6,7
e,n,n,0,6,0
e,n,n,0,6,0
e,n,g,0,6,3
e,n,e,0,6,7
e,n,g,0,6,3
e,n,g,0,6,3
e,n,g,0,6,3
p,f,g,1,4,3
e,n,g,0,6,3
e,n,g,0,6,3
e,n,n,0,6,0
e,n,g,0,6,3
e,n,n,0,6,0
e,n,n,0,6,0
e,n,e,0,6,7
e,n,n,0,6,0
e,n,g,0,6,3
e,n,g,0,6,3
p,f,g,1,4,3
e,n,n,0,6,0
e,n,n,0,6,0
e,n,e,0,6,7
e,n,n,0,6,0
e,n,n,0,6,0
e,n,g,0,6,3
e,n,n,0,6,0
e,n,e,0,6,7
e,n,g,0,6,3
e,n,g,0,6,3
e,n,e,0,6,7
e,n,e,0,6,7
e,n,g,0,6,3
e,n,n,0,6,0
e,n,e,0,6,7
e,n,n,0,6,0
e,n,e,0,6,7
e,n,n,0,6,0
e,n,e,0,6,7
e,n,n,0,6,0
e,n,e,0,6,7
e,n,e,0,6,7
e,n,n,0,6,0
e,n,n,0,6,0
e,n,e,0,6,7
e,n,n,0,6,0
e,n,n,0,6,0
e,n,e,0,6,7
e,n,g,0,6,3
e,n,e,0,6,7
e,n,e,0,6,7
e,n,n,0,6,0
e,n,n,0,6,0
e,n,g,0,6,3
e,n,g,0,6,3
e,n,n,0,6,0
e,n,n,0,6,0
e,n,n,0,6,0
e,n,g,0,6,3
e,n,g,0,6,3
e,n,e,0,6,7
e,n,g,0,6,3
e,n,e,0,6,7
e,n,g,0,6,3
e,n,e,0,6,7
e,n,e,0,6,7
e,n,e,0,6,7
e,n,g,0,6,3
e,n,g,0,6,3
e,n,e,0,6,7
e,n,g,0,6,3
e,n,n,0,6,0
p,f,g,1,4,3
e,n,n,0,6,0
e,n,g,0,6,3
e,n,n,0,6,0
e,n,e,0,6,7
e,n,g,0,6,3
e,n,n,0,6,0
e,n,e,0,6,7
e,n,e,0,6,7
e,n,n,0,6,0
e,n,n,0,6,0
p,f,y,1,4,9
e,n,n,0,6,0
p,f,g,1,4,3
p,c,g,1,2,3
e,n,g,0,6,3
e,n,e,0,6,7
e,n,n,0,6,0
e,n,e,0,6,7
p,f,g,1,4,3
e,n,g,0,6,3
e,n,e,0,6,7
e,n,e,0,6,7
p,c,w,1,2,8
e,n,e,0,6,7
e,n,n,0,6,0
p,f,g,1,4,3
p,f,g,1,4,3
e,n,e,0,6,7
e,n,e,0,6,7
e,n,n,0,6,0
e,n,g,0,6,3
e,n,e,0,6,7
e,n,e,0,6,7
e,n,e,0,6,7
e,n,e,0,6,7
p,c,p,1,2,5
p,f,g,1,4,3
e,n,e,0,6,7
e,n,g,0,6,3
e,n,g,0,6,3
e,n,g,0,6,3
e,n,e,0,6,7
e,n,e,0,6,7
p,f,g,1,4,3
e,n,n,0,6,0
e,n,e,0,6,7
p,c,g,1,2,3
e,n,e,0,6,7
e,n,e,0,6,7
p,f,y,1,4,9
p,f,y,1,4,9
e,n,n,0,6,0
e,n,n,0,6,0
e,n,g,0,6,3
e,n,n,0,6,0
e,n,e,0,6,7
p,c,p,1,2,5
e,n,n,0,6,0
e,n,e,0,6,7
e,n,e,0,6,7
e,n,n,0,6,0
p,c,w,1,2,8
e,n,g,0,6,3
e,n,g,0,6,3
e,n,g,0,6,3
e,n,n,0,6,0
p,c,g,1,2,3
p,c,p,1,2,5
e,n,e,0,6,7
p,f,g,1,4,3
p,c,w,1,2,8
p,f,g,1,4,3
e,n,n,0,6,0
p,f,y,1,4,9
e,n,g,0,6,3
e,n,n,0,6,0
e,n,g,0,6,3
p,c,w,1,2,8
p,f,g,1,4,3
e,n,g,0,6,3
e,n,n,0,6,0
e,n,g,0,6,3
p,f,g,1,4,3
e,n,n,0,6,0
p,f,g,1,4,3
e,n,e,0,6,7
e,n,n,0,6,0
p,f,g,1,4,3
e,n,g,0,6,3
e,n,g,0,6,3
e,n,e,0,6,7
p,f,g,1,4,3
e,n,e,0,6,7
e,n,n,0,6,0
p,f,g,1,4,3
e,n,e,0,6,7
p,f,g,1,4,3
e,n,e,0,6,7
p,f,g,1,4,3
p,f,g,1,4,3
p,f,g,1,4,3
e,n,e,0,6,7
p,f,g,1,4,3
e,n,e,0,6,7
p,c,g,1,2,3
e,n,g,0,6,3
p,c,p,1,2,5
e,n,e,0,6,7
e,n,e,0,6,7
e,n,e,0,6,7
e,n,n,0,6,0
p,f,g,1,4,3
p,f,y,1,4,9
p,c,g,1,2,3
e,n,e,0,6,7
e,n,e,0,6,7
e,n,e,0,6,7
e,n,n,0,6,0
p,f,g,1,4,3
p,c,g,1,2,3
e,n,g,0,6,3
e,n,e,0,6,7
e,n,e,0,6,7
e,n,g,0,6,3
e,n,n,0,6,0
e,n,n,0,6,0
e,n,e,0,6,7
p,c,g,1,2,3
p,c,w,1,2,8
e,n,g,0,6,3
e,n,g,0,6,3
p,f,g,1,4,3
e,n,e,0,6,7
p,c,w,1,2,8
e,n,g,0,6,3
e,n,g,0,6,3
e,n,g,0,6,3
e,n,e,0,6,7
e,n,n,0,6,0
e,n,g,0,6,3
e,n,n,0,6,0
e,n,g,0,6,3
e,n,g,0,6,3
e,n,n,0,6,0
e,n,e,0,6,7
e,n,e,0,6,7
e,n,e,0,6,7
p,f,y,1,4,9
e,n,g,0,6,3
e,n,n,0,6,0
p,f,g,1,4,3
e,n,g,0,6,3
e,n,g,0,6,3
e,n,g,0,6,3
e,n,e,0,6,7
e,n,g,0,6,3
p,c,w,1,2,8
p,c,w,1,2,8
e,n,n,0,6,0
e,n,e,0,6,7
e,n,e,0,6,7
p,f,g,1,4,3
e,n,g,0,6,3
e,n,g,0,6,3
e,n,g,0,6,3
p,c,w,1,2,8
e,n,e,0,6,7
e,n,e,0,6,7
p,f,g,1,4,3
e,n,e,0,6,7
p,f,g,1,4,3
p,c,p,1,2,5
e,n,g,0,6,3
p,f,g,1,4,3
p,c,w,1,2,8
p,f,g,1,4,3
e,n,e,0,6,7
p,f,g,1,4,3
p,c,g,1,2,3
e,n,g,0,6,3
e,n,n,0,6,0
e,n,e,0,6,7
p,f,g,1,4,3
p,c,p,1,2,5
e,n,n,0,6,0
e,n,e,0,6,7
e,n,n,0,6,0
e,n,g,0,6,3
p,f,g,1,4,3
e,n,n,0,6,0
p,c,p,1,2,5
p,c,w,1,2,8
e,n,e,0,6,7
e,n,n,0,6,0
e,n,e,0,6,7
e,n,g,0,6,3
p,f,g,1,4,3
p,f,g,1,4,3
e,n,e,0,6,7
p,f,y,1,4,9
p,c,p,1,2,5
e,n,e,0,6,7
p,f,y,1,4,9
e,n,e,0,6,7
e,n,e,0,6,7
e,n,n,0,6,0
e,n,e,0,6,7
e,n,g,0,6,3
p,f,g,1,4,3
e,n,e,0,6,7
p,f,g,1,4,3
e,n,e,0,6,7
e,n,e,0,6,7
e,n,g,0,6,3
p,f,g,1,4,3
e,n,g,0,6,3
e,n,g,0,6,3
p,f,g,1,4,3
p,c,w,1,2,8
e,n,e,0,6,7
p,f,y,1,4,9
e,n,e,0,6,7
e,n,g,0,6,3
e,n,e,0,6,7
e,n,g,0,6,3
e,n,g,0,6,3
e,n,e,0,6,7
p,c,g,1,2,3
e,n,g,0,6,3
e,n,n,0,6,0
e,n,g,0,6,3
e,n,g,0,6,3
e,n,n,0,6,0
e,n,g,0,6,3
e,n,g,0,6,3
p,f,g,1,4,3
p,c,w,1,2,8
e,n,g,0,6,3
e,n,g,0,6,3
e,n,g,0,6,3
p,f,g,1,4,3
p,c,w,1,2,8
p,f,g,1,4,3
e,n,g,0,6,3
p,f,g,1,4,3
e,n,e,0,6,7
e,n,g,0,6,3
e,n,g,0,6,3
p,f,g,1,4,3
e,n,g,0,6,3
e,n,g,0,6,3
p,c,w,1,2,8
p,f,y,1,4,9
e,n,e,0,6,7
p,f,g,1,4,3
p,f,g,1,4,3
e,n,n,0,6,0
p,f,g,1,4,3
e,n,n,0,6,0
e,n,g,0,6,3
e,n,g,0,6,3
e,n,g,0,6,3
p,c,g,1,2,3
e,n,g,0,6,3
e,n,e,0,6,7
e,n,n,0,6,0
e,n,g,0,6,3
p,c,p,1,2,5
p,f,g,1,4,3
e,n,g,0,6,3
e,n,g,0,6,3
p,c,p,1,2,5
e,n,g,0,6,3
p,f,g,1,4,3
p,f,g,1,4,3
e,n,n,0,6,0
e,n,n,0,6,0
p,c,g,1,2,3
p,f,g,1,4,3
p,c,p,1,2,5
e,n,e,0,6,7
e,n,g,0,6,3
e,n,e,0,6,7
p,f,y,1,4,9
e,n,g,0,6,3
p,c,w,1,2,8
p,f,g,1,4,3
e,n,e,0,6,7
e,n,g,0,6,3
p,f,g,1,4,3
p,f,g,1,4,3
p,c,p,1,2,5
e,n,g,0,6,3
p,f,g,1,4,3
e,n,n,0,6,0
e,n,n,0,6,0
e,n,e,0,6,7
e,n,g,0,6,3
e,n,e,0,6,7
e,n,g,0,6,3
e,n,g,0,6,3
p,c,p,1,2,5
e,n,e,0,6,7
e,n,e,0,6,7
p,c,w,1,2,8
e,n,g,0,6,3
e,n,n,0,6,0
p,f,g,1,4,3
e,n,e,0,6,7
p,f,g,1,4,3
e,n,e,0,6,7
e,n,g,0,6,3
e,n,g,0,6,3
p,f,g,1,4,3
e,n,e,0,6,7
p,c,w,1,2,8
e,n,n,0,6,0
e,n,g,0,6,3
e,n,n,0,6,0
e,n,e,0,6,7
e,n,g,0,6,3
e,n,e,0,6,7
p,f,g,1,4,3
e,n,g,0,6,3
e,n,g,0,6,3
e,n,g,0,6,3
e,n,g,0,6,3
e,n,e,0,6,7
e,n,e,0,6,7
e,n,n,0,6,0
e,n,n,0,6,0
p,c,p,1,2,5
p,f,g,1,4,3
e,n,g,0,6,3
e,n,e,0,6,7
p,c,w,1,2,8
p,c,p,1,2,5
p,f,g,1,4,3
e,n,g,0,6,3
e,n,e,0,6,7
p,c,p,1,2,5
e,n,g,0,6,3
e,n,n,0,6,0
p,f,g,1,4,3
e,n,n,0,6,0
e,n,e,0,6,7
p,c,w,1,2,8
e,n,n,0,6,0
p,f,g,1,4,3
e,n,e,0,6,7
p,f,y,1,4,9
e,n,g,0,6,3
e,n,e,0,6,7
e,n,e,0,6,7
e,n,g,0,6,3
p,c,g,1,2,3
e,n,g,0,6,3
e,n,e,0,6,7
p,f,g,1,4,3
e,n,n,0,6,0
p,c,g,1,2,3
p,f,g,1,4,3
e,n,e,0,6,7
e,n,n,0,6,0
e,n,g,0,6,3
e,n,g,0,6,3
p,c,w,1,2,8
p,f,g,1,4,3
p,c,g,1,2,3
e,n,e,0,6,7
e,n,e,0,6,7
p,f,g,1,4,3
p,f,g,1,4,3
e,n,e,0,6,7
p,c,p,1,2,5
p,c,g,1,2,3
e,n,e,0,6,7
e,n,e,0,6,7
e,n,e,0,6,7
e,n,n,0,6,0
p,c,p,1,2,5
p,f,g,1,4,3
e,n,e,0,6,7
e,n,e,0,6,7
e,n,g,0,6,3
e,n,e,0,6,7
e,n,n,0,6,0
e,n,e,0,6,7
p,f,y,1,4,9
e,n,g,0,6,3
p,c,p,1,2,5
e,n,e,0,6,7
e,n,g,0,6,3
e,n,e,0,6,7
e,n,e,0,6,7
e,n,g,0,6,3
e,n,e,0,6,7
p,c,w,1,2,8
p,f,g,1,4,3
p,c,p,1,2,5
e,n,g,0,6,3
e,n,n,0,6,0
p,c,g,1,2,3
e,n,n,0,6,0
p,c,p,1,2,5
e,n,e,0,6,7
p,c,w,1,2,8
e,n,n,0,6,0
p,f,g,1,4,3
p,c,g,1,2,3
e,n,n,0,6,0
p,f,g,1,4,3
p,c,p,1,2,5
e,n,e,0,6,7
p,c,g,1,2,3
e,n,g,0,6,3
e,n,g,0,6,3
e,n,n,0,6,0
e,n,n,0,6,0
e,n,n,0,6,0
p,c,g,1,2,3
e,n,g,0,6,3
e,n,e,0,6,7
e,n,g,0,6,3
e,n,e,0,6,7
e,n,n,0,6,0
p,f,g,1,4,3
p,c,g,1,2,3
e,n,e,0,6,7
e,n,g,0,6,3
p,c,g,1,2,3
e,n,n,0,6,0
e,n,g,0,6,3
e,n,e,0,6,7
p,f,y,1,4,9
p,c,g,1,2,3
e,n,g,0,6,3
e,n,n,0,6,0
e,n,n,0,6,0
e,n,g,0,6,3
e,n,g,0,6,3
p,f,g,1,4,3
e,n,g,0,6,3
e,n,e,0,6,7
p,c,g,1,2,3
e,n,g,0,6,3
p,f,g,1,4,3
e,n,e,0,6,7
p,f,g,1,4,3
e,n,g,0,6,3
p,c,p,1,2,5
e,n,e,0,6,7
p,c,p,1,2,5
p,c,w,1,2,8
e,n,g,0,6,3
p,c,p,1,2,5
p,f,g,1,4,3
e,n,n,0,6,0
e,n,g,0,6,3
e,n,e,0,6,7
p,f,g,1,4,3
p,c,g,1,2,3
p,f,g,1,4,3
p,c,w,1,2,8
e,n,n,0,6,0
e,n,g,0,6,3
p,c,w,1,2,8
e,n,g,0,6,3
e,n,n,0,6,0
e,n,g,0,6,3
e,n,e,0,6,7
e,n,e,0,6,7
p,c,w,1,2,8
e,n,e,0,6,7
p,f,y,1,4,9
e,n,g,0,6,3
e,n,n,0,6,0
p,c,g,1,2,3
p,c,p,1,2,5
e,n,e,0,6,7
e,n,g,0,6,3
e,n,g,0,6,3
p,f,g,1,4,3
e,n,n,0,6,0
e,n,g,0,6,3
e,n,g,0,6,3
p,c,g,1,2,3
e,n,n,0,6,0
p,f,g,1,4,3
e,n,g,0,6,3
e,n,e,0,6,7
e,n,e,0,6,7
p,c,w,1,2,8
p,c,w,1,2,8
e,n,e,0,6,7
e,n,e,0,6,7
e,n,n,0,6,0
p,f,g,1,4,3
e,n,g,0,6,3
p,f,g,1,4,3
e,n,e,0,6,7
p,f,g,1,4,3
e,n,g,0,6,3
e,n,e,0,6,7
e,n,n,0,6,0
p,f,g,1,4,3
e,n,e,0,6,7
e,n,g,0,6,3
e,n,g,0,6,3
p,c,w,1,2,8
e,n,e,0,6,7
e,n,e,0,6,7
e,n,e,0,6,7
e,n,e,0,6,7
e,n,n,0,6,0
p,f,g,1,4,3
e,n,g,0,6,3
p,f,g,1,4,3
e,n,g,0,6,3
e,n,n,0,6,0
p,f,g,1,4,3
e,n,g,0,6,3
p,f,g,1,4,3
e,n,e,0,6,7
p,c,g,1,2,3
e,n,e,0,6,7
e,n,n,0,6,0
e,n,e,0,6,7
e,n,e,0,6,7
e,n,g,0,6,3
p,c,p,1,2,5
p,f,g,1,4,3
e,n,g,0,6,3
e,n,e,0,6,7
p,c,p,1,2,5
e,n,n,0,6,0
e,n,g,0,6,3
e,n,e,0,6,7
e,n,e,0,6,7
e,n,g,0,6,3
p,c,w,1,2,8
e,n,g,0,6,3
p,f,g,1,4,3
e,n,n,0,6,0
e,n,n,0,6,0
p,c,g,1,2,3
e,n,g,0,6,3
e,n,e,0,6,7
p,f,g,1,4,3
e,n,n,0,6,0
e,n,e,0,6,7
e,n,e,0,6,7
p,c,p,1,2,5
p,f,g,1,4,3
e,n,e,0,6,7
e,n,g,0,6,3
p,c,p,1,2,5
e,n,g,0,6,3
e,n,e,0,6,7
e,n,n,0,6,0
e,n,g,0,6,3
e,n,n,0,6,0
e,n,n,0,6,0
p,c,p,1,2,5
e,n,e,0,6,7
p,f,y,1,4,9
p,c,g,1,2,3
e,n,n,0,6,0
p,f,g,1,4,3
p,c,g,1,2,3
e,n,g,0,6,3
e,n,g,0,6,3
e,n,g,0,6,3
e,n,n,0,6,0
p,f,y,1,4,9
e,n,g,0,6,3
p,f,g,1,4,3
e,n,e,0,6,7
e,n,e,0,6,7
p,f,g,1,4,3
e,n,e,0,6,7
p,f,y,1,4,9
e,n,e,0,6,7
e,n,g,0,6,3
e,n,e,0,6,7
e,n,e,0,6,7
e,n,e,0,6,7
e,n,n,0,6,0
e,n,g,0,6,3
e,n,e,0,6,7
p,f,g,1,4,3
e,n,n,0,6,0
p,c,g,1,2,3
e,n,n,0,6,0
e,n,g,0,6,3
e,n,e,0,6,7
e,n,e,0,6,7
e,n,g,0,6,3
e,n,g,0,6,3
p,c,p,1,2,5
e,n,n,0,6,0
e,n,n,0,6,0
e,n,g,0,6,3
p,f,g,1,4,3
e,n,g,0,6,3
e,n,e,0,6,7
p,f,g,1,4,3
e,n,n,0,6,0
p,f,g,1,4,3
e,n,e,0,6,7
e,n,n,0,6,0
e,n,g,0,6,3
e,n,e,0,6,7
p,f,g,1,4,3
p,c,g,1,2,3
p,f,g,1,4,3
p,f,g,1,4,3
p,f,g,1,4,3
e,n,g,0,6,3
p,f,g,1,4,3
e,n,e,0,6,7
e,n,n,0,6,0
e,n,n,0,6,0
p,f,y,1,4,9
e,n,g,0,6,3
p,c,p,1,2,5
e,n,e,0,6,7
e,n,n,0,6,0
e,n,n,0,6,0
e,n,e,0,6,7
p,f,g,1,4,3
p,f,g,1,4,3
e,n,g,0,6,3
e,n,n,0,6,0
p,f,g,1,4,3
e,n,g,0,6,3
p,c,p,1,2,5
e,n,n,0,6,0
e,n,g,0,6,3
p,f,g,1,4,3
e,n,e,0,6,7
p,c,g,1,2,3
p,f,g,1,4,3
e,n,n,0,6,0
p,f,g,1,4,3
e,n,e,0,6,7
e,n,g,0,6,3
e,n,g,0,6,3
e,n,n,0,6,0
e,n,e,0,6,7
e,n,g,0,6,3
e,n,e,0,6,7
e,n,n,0,6,0
p,f,y,1,4,9
e,n,g,0,6,3
e,n,n,0,6,0
p,f,g,1,4,3
p,f,g,1,4,3
p,f,g,1,4,3
e,n,e,0,6,7
e,n,n,0,6,0
p,f,g,1,4,3
p,f,g,1,4,3
p,f,g,1,4,3
e,n,n,0,6,0
p,c,g,1,2,3
e,n,e,0,6,7
p,f,y,1,4,9
e,n,n,0,6,0
e,n,e,0,6,7
p,f,g,1,4,3
e,n,n,0,6,0
p,c,w,1,2,8
e,n,g,0,6,3
e,n,e,0,6,7
e,n,g,0,6,3
p,f,g,1,4,3
e,n,e,0,6,7
e,n,e,0,6,7
p,c,p,1,2,5
e,n,e,0,6,7
e,n,g,0,6,3
e,n,g,0,6,3
e,n,g,0,6,3
p,f,g,1,4,3
e,n,n,0,6,0
e,n,g,0,6,3
e,n,n,0,6,0
p,c,p,1,2,5
e,n,e,0,6,7
e,n,g,0,6,3
e,n,e,0,6,7
p,c,w,1,2,8
p,f,g,1,4,3
e,n,n,0,6,0
p,f,g,1,4,3
p,c,w,1,2,8
e,n,n,0,6,0
e,n,g,0,6,3
e,n,g,0,6,3
e,n,g,0,6,3
p,c,w,1,2,8
e,n,e,0,6,7
p,f,g,1,4,3
e,n,n,0,6,0
e,n,n,0,6,0
p,c,p,1,2,5
e,n,g,0,6,3
p,c,p,1,2,5
e,n,n,0,6,0
p,f,g,1,4,3
e,n,e,0,6,7
p,c,p,1,2,5
p,f,g,1,4,3
e,n,e,0,6,7
e,n,e,0,6,7
p,c,g,1,2,3
p,f,g,1,4,3
e,n,g,0,6,3
p,f,g,1,4,3
e,n,e,0,6,7
e,n,n,0,6,0
p,f,y,1,4,9
e,n,e,0,6,7
e,n,e,0,6,7
e,n,n,0,6,0
e,n,n,0,6,0
p,f,g,1,4,3
e,n,g,0,6,3
e,n,e,0,6,7
e,n,n,0,6,0
e,n,g,0,6,3
e,n,n,0,6,0
p,f,g,1,4,3
p,c,w,1,2,8
p,f,y,1,4,9
e,n,n,0,6,0
e,n,e,0,6,7
e,n,e,0,6,7
e,n,e,0,6,7
e,n,e,0,6,7
e,n,n,0,6,0
e,n,e,0,6,7
p,f,g,1,4,3
e,n,e,0,6,7
e,n,n,0,6,0
p,f,g,1,4,3
p,c,w,1,2,8
p,c,g,1,2,3
e,n,n,0,6,0
p,f,y,1,4,9
p,c,g,1,2,3
e,n,e,0,6,7
e,n,e,0,6,7
e,n,e,0,6,7
p,f,y,1,4,9
e,n,n,0,6,0
e,n,e,0,6,7
e,n,e,0,6,7
p,f,y,1,4,9
p,c,g,1,2,3
e,n,e,0,6,7
p,c,g,1,2,3
p,c,w,1,2,8
p,f,g,1,4,3
e,n,g,0,6,3
e,n,e,0,6,7
p,f,y,1,4,9
e,n,e,0,6,7
e,n,e,0,6,7
e,n,g,0,6,3
e,n,e,0,6,7
e,n,g,0,6,3
e,n,n,0,6,0
e,n,e,0,6,7
e,n,n,0,6,0
e,n,e,0,6,7
e,n,e,0,6,7
e,n,g,0,6,3
e,n,g,0,6,3
e,n,n,0,6,0
e,n,n,0,6,0
e,n,e,0,6,7
e,n,n,0,6,0
p,f,g,1,4,3
e,n,e,0,6,7
e,n,g,0,6,3
e,n,n,0,6,0
e,n,n,0,6,0
e,n,g,0,6,3
p,f,g,1,4,3
e,n,e,0,6,7
p,f,g,1,4,3
e,n,g,0,6,3
e,n,g,0,6,3
e,n,g,0,6,3
p,f,y,1,4,9
e,n,n,0,6,0
e,n,g,0,6,3
p,f,g,1,4,3
e,n,n,0,6,0
p,c,g,1,2,3
e,n,e,0,6,7
p,c,w,1,2,8
e,n,n,0,6,0
p,c,w,1,2,8
e,n,e,0,6,7
e,n,g,0,6,3
e,n,e,0,6,7
e,n,e,0,6,7
p,c,g,1,2,3
e,n,e,0,6,7
e,n,e,0,6,7
p,c,p,1,2,5
e,n,e,0,6,7
p,c,p,1,2,5
e,n,e,0,6,7
p,f,g,1,4,3
e,n,g,0,6,3
p,f,g,1,4,3
e,n,n,0,6,0
e,n,e,0,6,7
e,n,n,0,6,0
p,c,p,1,2,5
p,f,g,1,4,3
e,n,e,0,6,7
e,n,g,0,6,3
e,n,g,0,6,3
e,n,e,0,6,7
e,n,e,0,6,7
e,n,g,0,6,3
p,f,g,1,4,3
e,n,n,0,6,0
e,n,e,0,6,7
e,n,e,0,6,7
p,c,w,1,2,8
e,n,e,0,6,7
e,n,g,0,6,3
p,f,g,1,4,3
e,n,g,0,6,3
p,c,w,1,2,8
e,n,e,0,6,7
p,c,w,1,2,8
p,f,g,1,4,3
p,f,g,1,4,3
e,n,g,0,6,3
e,n,g,0,6,3
e,n,e,0,6,7
e,n,e,0,6,7
p,f,g,1,4,3
e,n,e,0,6,7
e,n,e,0,6,7
p,f,g,1,4,3
e,n,e,0,6,7
p,c,g,1,2,3
e,n,g,0,6,3
e,n,e,0,6,7
e,n,e,0,6,7
e,n,g,0,6,3
e,n,e,0,6,7
e,n,g,0,6,3
p,c,p,1,2,5
e,n,n,0,6,0
p,f,g,1,4,3
e,n,e,0,6,7
e,n,g,0,6,3
e,n,e,0,6,7
p,c,w,1,2,8
p,c,w,1,2,8
e,n,n,0,6,0
e,n,e,0,6,7
e,n,e,0,6,7
e,n,g,0,6,3
p,f,g,1,4,3
p,c,w,1,2,8
e,n,n,0,6,0
e,n,e,0,6,7
p,c,w,1,2,8
p,c,g,1,2,3
e,n,e,0,6,7
p,f,g,1,4,3
p,c,g,1,2,3
p,f,g,1,4,3
p,c,g,1,2,3
e,n,g,0,6,3
p,c,p,1,2,5
e,n,e,0,6,7
p,c,p,1,2,5
p,c,g,1,2,3
e,n,e,0,6,7
p,c,g,1,2,3
p,c,g,1,2,3
e,n,g,0,6,3
e,n,n,0,6,0
p,c,g,1,2,3
e,n,e,0,6,7
p,c,w,1,2,8
e,n,n,0,6,0
p,f,g,1,4,3
p,f,g,1,4,3
e,n,g,0,6,3
p,f,g,1,4,3
e,n,g,0,6,3
p,f,g,1,4,3
p,f,g,1,4,3
e,n,e,0,6,7
e,n,g,0,6,3
p,c,w,1,2,8
e,n,g,0,6,3
p,f,g,1,4,3
p,f,y,1,4,9
p,f,g,1,4,3
p,f,y,1,4,9
p,c,w,1,2,8
p,f,y,1,4,9
p,f,y,1,4,9
p,f,y,1,4,9
p,f,y,1,4,9
p,f,y,1,4,9
e,n,g,0,6,3
p,f,g,1,4,3
p,f,y,1,4,9
p,f,y,1,4,9
e,n,g,0,6,3
e,n,n,0,6,0
e,n,e,0,6,7
p,f,y,1,4,9
p,f,g,1,4,3
p,f,g,1,4,3
e,n,e,0,6,7
p,f,g,1,4,3
e,n,e,0,6,7
e,n,g,0,6,3
e,n,g,0,6,3
p,f,g,1,4,3
p,f,y,1,4,9
p,f,y,1,4,9
e,n,e,0,6,7
p,f,y,1,4,9
p,f,g,1,4,3
p,f,y,1,4,9
p,f,y,1,4,9
p,f,g,1,4,3
p,f,y,1,4,9
p,c,p,1,2,5
p,f,y,1,4,9
e,n,e,0,6,7
e,n,e,0,6,7
p,c,p,1,2,5
p,f,y,1,4,9
p,f,g,1,4,3
e,n,g,0,6,3
e,n,e,0,6,7
p,f,g,1,4,3
e,n,g,0,6,3
p,f,y,1,4,9
p,f,g,1,4,3
e,n,e,0,6,7
p,f,y,1,4,9
p,f,y,1,4,9
p,f,y,1,4,9
p,f,g,1,4,3
p,c,p,1,2,5
p,c,g,1,2,3
p,f,g,1,4,3
p,f,y,1,4,9
p,f,g,1,4,3
e,n,g,0,6,3
p,f,g,1,4,3
p,f,y,1,4,9
e,n,g,0,6,3
p,f,y,1,4,9
p,f,g,1,4,3
p,f,y,1,4,9
p,f,g,1,4,3
p,f,g,1,4,3
p,f,y,1,4,9
p,f,y,1,4,9
p,c,w,1,2,8
p,f,g,1,4,3
p,f,g,1,4,3
e,n,n,0,6,0
e,n,g,0,6,3
p,f,y,1,4,9
p,c,p,1,2,5
p,f,g,1,4,3
p,f,g,1,4,3
p,c,w,1,2,8
e,n,e,0,6,7
p,f,g,1,4,3
p,c,p,1,2,5
p,f,w,1,4,8
p,f,y,1,4,9
e,n,b,0,6,1
p,f,g,1,4,3
p,f,g,1,4,3
p,f,y,1,4,9
p,f,y,1,4,9
e,n,g,0,6,3
p,f,y,1,4,9
p,f,g,1,4,3
p,f,g,1,4,3
p,c,g,1,2,3
p,c,g,1,2,3
p,f,g,1,4,3
p,f,g,1,4,3
p,f,g,1,4,3
e,n,g,0,6,3
p,f,y,1,4,9
e,n,e,0,6,7
p,f,g,1,4,3
e,n,n,0,6,0
e,n,e,0,6,7
p,f,g,1,4,3
p,f,g,1,4,3
e,n,e,0,6,7
p,f,g,1,4,3
e,n,g,0,6,3
e,n,e,0,6,7
e,n,e,0,6,7
p,f,g,1,4,3
e,n,e,0,6,7
p,f,g,1,4,3
p,f,y,1,4,9
p,f,y,1,4,9
p,f,y,1,4,9
p,f,y,1,4,9
e,n,g,0,6,3
e,n,g,0,6,3
p,f,g,1,4,3
p,f,y,1,4,9
p,f,g,1,4,3
p,y,e,1,3,7
p,f,g,1,4,3
p,f,g,1,4,3
p,c,g,1,2,3
p,f,g,1,4,3
p,f,b,1,4,1
p,f,g,1,4,3
p,f,y,1,4,9
p,c,w,1,2,8
p,f,y,1,4,9
e,n,e,0,6,7
p,f,g,1,4,3
p,f,y,1,4,9
p,f,y,1,4,9
p,f,g,1,4,3
p,f,y,1,4,9
e,n,g,0,6,3
p,f,g,1,4,3
e,n,n,0,6,0
p,f,g,1,4,3
p,f,g,1,4,3
p,f,g,1,4,3
p,c,w,1,2,8
p,f,g,1,4,3
e,n,n,0,6,0
p,c,w,1,2,8
p,f,y,1,4,9
p,f,y,1,4,9
p,c,p,1,2,5
p,f,y,1,4,9
p,f,g,1,4,3
e,n,e,0,6,7
p,f,y,1,4,9
p,f,y,1,4,9
p,c,g,1,2,3
p,c,p,1,2,5
e,n,e,0,6,7
p,f,y,1,4,9
e,n,n,0,6,0
e,n,e,0,6,7
p,f,y,1,4,9
p,f,y,1,4,9
p,f,g,1,4,3
p,f,g,1,4,3
p,f,y,1,4,9
e,n,g,0,6,3
p,f,g,1,4,3
p,f,y,1,4,9
p,f,g,1,4,3
p,f,y,1,4,9
e,n,e,0,6,7
e,n,n,0,6,0
p,f,y,1,4,9
e,n,u,0,6,6
e,n,n,0,6,0
p,f,y,1,4,9
p,f,y,1,4,9
p,f,g,1,4,3
p,f,g,1,4,3
p,f,y,1,4,9
p,f,y,1,4,9
p,f,y,1,4,9
p,f,g,1,4,3
p,f,y,1,4,9
e,n,g,0,6,3
p,f,g,1,4,3
e,n,e,0,6,7
p,f,g,1,4,3
p,f,y,1,4,9
e,n,n,0,6,0
e,n,g,0,6,3
p,f,g,1,4,3
e,n,e,0,6,7
e,n,e,0,6,7
p,f,y,1,4,9
p,c,w,1,2,8
p,f,g,1,4,3
p,y,e,1,3,7
p,f,y,1,4,9
p,f,g,1,4,3
e,n,g,0,6,3
p,f,n,1,4,0
e,n,e,0,6,7
p,n,b,1,6,1
e,n,g,0,6,3
p,f,g,1,4,3
e,n,g,0,6,3
p,f,y,1,4,9
p,f,y,1,4,9
p,f,g,1,4,3
e,n,e,0,6,7
p,f,g,1,4,3
p,f,y,1,4,9
p,f,y,1,4,9
p,f,y,1,4,9
p,f,y,1,4,9
p,f,y,1,4,9
p,f,g,1,4,3
e,n,e,0,6,7
p,f,g,1,4,3
p,f,y,1,4,9
e,n,n,0,6,0
p,f,y,1,4,9
p,f,y,1,4,9
e,n,n,0,6,0
p,f,g,1,4,3
e,n,e,0,6,7
p,f,y,1,4,9
p,f,g,1,4,3
p,f,y,1,4,9
p,c,g,1,2,3
e,n,g,0,6,3
p,f,g,1,4,3
p,f,g,1,4,3
p,f,g,1,4,3
e,n,n,0,6,0
p,f,y,1,4,9
p,f,g,1,4,3
e,n,e,0,6,7
e,n,e,0,6,7
p,f,g,1,4,3
p,f,g,1,4,3
p,f,g,1,4,3
p,f,g,1,4,3
p,f,y,1,4,9
p,f,g,1,4,3
p,f,g,1,4,3
e,n,e,0,6,7
p,f,g,1,4,3
p,f,g,1,4,3
p,f,g,1,4,3
e,n,e,0,6,7
e,n,e,0,6,7
e,n,e,0,6,7
p,f,y,1,4,9
p,f,g,1,4,3
e,n,n,0,6,0
p,f,g,1,4,3
e,n,g,0,6,3
p,f,y,1,4,9
p,f,y,1,4,9
p,f,y,1,4,9
e,n,c,0,6,2
p,f,g,1,4,3
p,f,g,1,4,3
p,f,g,1,4,3
p,f,g,1,4,3
p,f,b,1,4,1
p,f,g,1,4,3
p,f,g,1,4,3
p,f,y,1,4,9
p,f,g,1,4,3
p,f,g,1,4,3
e,n,g,0,6,3
p,f,y,1,4,9
p,f,y,1,4,9
e,n,e,0,6,7
p,f,g,1,4,3
p,f,g,1,4,3
p,f,y,1,4,9
e,n,g,0,6,3
p,f,g,1,4,3
p,f,g,1,4,3
e,n,n,0,6,0
e,n,g,0,6,3
p,f,g,1,4,3
p,f,y,1,4,9
p,f,y,1,4,9
p,f,g,1,4,3
p,f,g,1,4,3
p,f,g,1,4,3
p,f,b,1,4,1
e,n,e,0,6,7
p,y,n,1,3,0
e,n,g,0,6,3
p,c,g,1,2,3
p,c,p,1,2,5
p,y,n,1,3,0
p,f,g,1,4,3
p,f,y,1,4,9
p,f,g,1,4,3
p,f,g,1,4,3
p,f,y,1,4,9
p,f,g,1,4,3
p,f,g,1,4,3
p,f,g,1,4,3
p,f,g,1,4,3
p,f,g,1,4,3
p,f,y,1,4,9
p,f,y,1,4,9
p,f,y,1,4,9
p,f,y,1,4,9
p,f,y,1,4,9
p,f,g,1,4,3
p,f,y,1,4,9
p,f,y,1,4,9
p,f,g,1,4,3
p,f,y,1,4,9
p,f,y,1,4,9
p,f,g,1,4,3
p,f,g,1,4,3
e,n,e,0,6,7
p,f,y,1,4,9
p,f,g,1,4,3
p,f,g,1,4,3
p,f,y,1,4,9
p,f,y,1,4,9
p,f,g,1,4,3
p,f,y,1,4,9
p,f,w,1,4,8
p,f,y,1,4,9
p,f,y,1,4,9
p,f,g,1,4,3
p,f,y,1,4,9
p,f,y,1,4,9
p,f,g,1,4,3
p,f,g,1,4,3
p,f,y,1,4,9
p,f,g,1,4,3
p,f,y,1,4,9
p,f,g,1,4,3
p,f,y,1,4,9
p,f,w,1,4,8
p,f,g,1,4,3
p,f,b,1,4,1
p,f,g,1,4,3
p,f,g,1,4,3
p,f,y,1,4,9
p,f,y,1,4,9
p,f,y,1,4,9
e,n,g,0,6,3
p,f,y,1,4,9
p,f,g,1,4,3
p,f,y,1,4,9
p,f,y,1,4,9
p,f,y,1,4,9
p,f,g,1,4,3
p,f,g,1,4,3
p,f,g,1,4,3
p,c,p,1,2,5
p,f,y,1,4,9
p,f,y,1,4,9
p,f,y,1,4,9
p,f,g,1,4,3
p,f,g,1,4,3
p,f,g,1,4,3
p,f,y,1,4,9
p,f,y,1,4,9
p,f,g,1,4,3
p,f,y,1,4,9
p,f,g,1,4,3
p,f,g,1,4,3
p,f,y,1,4,9
e,n,n,0,6,0
p,f,g,1,4,3
p,f,y,1,4,9
p,f,y,1,4,9
p,f,g,1,4,3
p,f,g,1,4,3
p,f,y,1,4,9
e,n,p,0,6,5
p,f,y,1,4,9
p,f,y,1,4,9
p,f,g,1,4,3
p,f,g,1,4,3
p,f,y,1,4,9
p,f,g,1,4,3
p,f,g,1,4,3
e,n,p,0,6,5
p,f,y,1,4,9
p,f,y,1,4,9
p,f,g,1,4,3
p,f,g,1,4,3
p,f,y,1,4,9
p,f,g,1,4,3
p,f,g,1,4,3
p,f,y,1,4,9
p,f,g,1,4,3
p,f,y,1,4,9
p,f,g,1,4,3
p,f,g,1,4,3
p,f,y,1,4,9
e,n,g,0,6,3
p,f,g,1,4,3
p,f,g,1,4,3
p,f,g,1,4,3
p,f,y,1,4,9
p,f,g,1,4,3
p,f,y,1,4,9
p,f,y,1,4,9
p,f,y,1,4,9
p,f,y,1,4,9
p,f,g,1,4,3
p,f,y,1,4,9
p,f,g,1,4,3
p,f,g,1,4,3
p,f,g,1,4,3
p,f,y,1,4,9
p,f,g,1,4,3
p,f,y,1,4,9
p,f,g,1,4,3
p,f,g,1,4,3
p,f,g,1,4,3
e,n,r,0,6,4
p,f,y,1,4,9
p,f,y,1,4,9
p,s,n,1,8,0
p,f,y,1,4,9
p,n,n,1,6,0
p,f,y,1,4,9
p,f,g,1,4,3
p,f,g,1,4,3
p,f,g,1,4,3
p,f,y,1,4,9
p,f,g,1,4,3
p,f,g,1,4,3
p,f,g,1,4,3
p,f,g,1,4,3
e,n,e,0,6,7
p,f,y,1,4,9
p,f,y,1,4,9
p,f,y,1,4,9
p,f,y,1,4,9
p,f,g,1,4,3
p,f,g,1,4,3
p,f,y,1,4,9
p,f,b,1,4,1
p,f,g,1,4,3
p,f,y,1,4,9
p,f,g,1,4,3
p,f,g,1,4,3
p,f,y,1,4,9
p,f,g,1,4,3
p,f,g,1,4,3
e,n,e,0,6,7
p,f,g,1,4,3
p,f,y,1,4,9
p,f,g,1,4,3
p,f,y,1,4,9
p,f,g,1,4,3
p,f,y,1,4,9
p,n,w,1,6,8
p,f,b,1,4,1
p,f,y,1,4,9
p,f,g,1,4,3
p,f,g,1,4,3
p,f,y,1,4,9
p,f,g,1,4,3
p,f,y,1,4,9
p,f,y,1,4,9
p,f,g,1,4,3
p,f,w,1,4,8
e,n,g,0,6,3
p,y,n,1,3,0
p,f,g,1,4,3
p,f,g,1,4,3
e,n,e,0,6,7
e,n,b,0,6,1
p,f,y,1,4,9
p,f,y,1,4,9
p,f,y,1,4,9
p,f,y,1,4,9
p,f,y,1,4,9
p,f,g,1,4,3
p,f,g,1,4,3
p,f,y,1,4,9
p,f,g,1,4,3
p,f,y,1,4,9
p,f,g,1,4,3
p,f,y,1,4,9
p,f,g,1,4,3
p,f,g,1,4,3
p,f,g,1,4,3
e,n,u,0,6,6
p,f,g,1,4,3
p,f,y,1,4,9
p,f,y,1,4,9
p,f,y,1,4,9
p,f,y,1,4,9
p,f,g,1,4,3
p,f,g,1,4,3
p,f,g,1,4,3
p,f,y,1,4,9
p,f,y,1,4,9
p,f,g,1,4,3
p,f,g,1,4,3
p,f,y,1,4,9
e,n,e,0,6,7
p,f,b,1,4,1
p,f,g,1,4,3
p,f,g,1,4,3
p,f,y,1,4,9
p,f,y,1,4,9
p,f,y,1,4,9
e,n,n,0,6,0
p,f,y,1,4,9
e,n,b,0,6,1
p,f,y,1,4,9
p,f,y,1,4,9
p,f,y,1,4,9
p,f,g,1,4,3
e,n,e,0,6,7
p,f,y,1,4,9
p,f,y,1,4,9
p,f,y,1,4,9
p,f,y,1,4,9
p,y,n,1,3,0
p,f,y,1,4,9
p,f,y,1,4,9
p,f,y,1,4,9
p,f,y,1,4,9
p,f,g,1,4,3
p,f,g,1,4,3
p,f,g,1,4,3
p,f,g,1,4,3
p,c,g,1,2,3
p,f,y,1,4,9
p,f,g,1,4,3
p,f,g,1,4,3
p,f,y,1,4,9
p,f,y,1,4,9
e,n,g,0,6,3
p,f,g,1,4,3
p,f,y,1,4,9
p,f,g,1,4,3
p,f,y,1,4,9
p,f,g,1,4,3
p,f,y,1,4,9
e,n,n,0,6,0
p,f,g,1,4,3
p,f,y,1,4,9
p,f,g,1,4,3
p,f,y,1,4,9
p,f,g,1,4,3
p,f,g,1,4,3
p,f,y,1,4,9
e,n,b,0,6,1
p,f,y,1,4,9
p,s,n,1,8,0
p,f,g,1,4,3
p,f,g,1,4,3
p,f,y,1,4,9
p,f,g,1,4,3
p,f,g,1,4,3
p,f,y,1,4,9
p,f,y,1,4,9
p,f,w,1,4,8
p,f,y,1,4,9
p,f,y,1,4,9
p,f,y,1,4,9
p,f,y,1,4,9
p,f,y,1,4,9
p,f,y,1,4,9
p,f,y,1,4,9
p,f,g,1,4,3
p,f,y,1,4,9
p,f,g,1,4,3
e,n,n,0,6,0
p,f,y,1,4,9
p,f,g,1,4,3
p,f,g,1,4,3
p,f,g,1,4,3
p,f,y,1,4,9
p,f,g,1,4,3
p,f,g,1,4,3
p,f,y,1,4,9
p,f,y,1,4,9
p,f,y,1,4,9
e,n,c,0,6,2
p,f,g,1,4,3
p,f,g,1,4,3
p,n,y,1,6,9
p,f,y,1,4,9
p,f,g,1,4,3
e,n,n,0,6,0
p,y,n,1,3,0
p,c,g,1,2,3
p,f,y,1,4,9
p,f,g,1,4,3
p,f,g,1,4,3
p,f,y,1,4,9
p,f,y,1,4,9
p,f,g,1,4,3
p,f,g,1,4,3
p,f,g,1,4,3
p,f,y,1,4,9
p,f,y,1,4,9
p,f,y,1,4,9
p,f,g,1,4,3
p,f,y,1,4,9
p,f,y,1,4,9
p,f,y,1,4,9
p,f,y,1,4,9
p,f,g,1,4,3
p,f,g,1,4,3
p,f,g,1,4,3
e,n,b,0,6,1
p,f,g,1,4,3
p,f,y,1,4,9
p,s,n,1,8,0
p,f,g,1,4,3
p,f,g,1,4,3
p,f,g,1,4,3
p,f,y,1,4,9
p,f,y,1,4,9
p,f,y,1,4,9
p,f,g,1,4,3
p,f,g,1,4,3
p,f,y,1,4,9
p,f,y,1,4,9
e,n,u,0,6,6
e,n,b,0,6,1
p,f,y,1,4,9
p,f,y,1,4,9
p,f,g,1,4,3
p,f,g,1,4,3
p,f,g,1,4,3
p,f,g,1,4,3
p,f,g,1,4,3
p,f,y,1,4,9
p,f,y,1,4,9
p,f,g,1,4,3
p,f,y,1,4,9
p,f,y,1,4,9
p,f,g,1,4,3
p,f,b,1,4,1
p,n,w,1,6,8
p,f,y,1,4,9
p,f,y,1,4,9
p,f,g,1,4,3
p,f,y,1,4,9
p,f,y,1,4,9
p,f,y,1,4,9
e,n,g,0,6,3
e,n,u,0,6,6
p,f,g,1,4,3
p,f,y,1,4,9
p,f,y,1,4,9
p,f,g,1,4,3
p,f,y,1,4,9
p,f,y,1,4,9
p,f,y,1,4,9
p,f,y,1,4,9
p,f,g,1,4,3
p,f,g,1,4,3
p,f,g,1,4,3
p,f,y,1,4,9
e,n,e,0,6,7
p,f,y,1,4,9
p,f,g,1,4,3
p,f,g,1,4,3
p,f,g,1,4,3
p,f,g,1,4,3
p,f,g,1,4,3
p,f,g,1,4,3
p,f,g,1,4,3
p,f,y,1,4,9
p,f,y,1,4,9
p,f,g,1,4,3
p,f,g,1,4,3
p,c,w,1,2,8
p,f,g,1,4,3
p,f,y,1,4,9
p,f,g,1,4,3
p,f,y,1,4,9
p,f,g,1,4,3
p,f,g,1,4,3
p,f,y,1,4,9
p,f,g,1,4,3
p,f,y,1,4,9
p,f,y,1,4,9
p,f,y,1,4,9
p,f,y,1,4,9
p,f,y,1,4,9
p,f,y,1,4,9
p,f,y,1,4,9
p,f,g,1,4,3
p,f,g,1,4,3
p,f,y,1,4,9
p,f,g,1,4,3
p,f,g,1,4,3
p,f,y,1,4,9
p,f,y,1,4,9
p,f,y,1,4,9
p,f,y,1,4,9
p,f,y,1,4,9
p,f,y,1,4,9
p,y,n,1,3,0
e,n,b,0,6,1
p,f,y,1,4,9
p,f,y,1,4,9
p,f,g,1,4,3
p,f,y,1,4,9
p,f,g,1,4,3
p,f,g,1,4,3
p,f,g,1,4,3
p,f,y,1,4,9
p,f,y,1,4,9
p,f,y,1,4,9
p,f,g,1,4,3
p,f,g,1,4,3
p,f,g,1,4,3
p,f,g,1,4,3
p,f,g,1,4,3
p,f,g,1,4,3
p,c,g,1,2,3
p,f,b,1,4,1
e,n,e,0,6,7
p,f,y,1,4,9
p,f,g,1,4,3
p,f,g,1,4,3
e,n,g,0,6,3
p,f,y,1,4,9
p,f,y,1,4,9
p,f,y,1,4,9
p,f,y,1,4,9
p,f,y,1,4,9
p,f,g,1,4,3
p,f,w,1,4,8
p,f,g,1,4,3
p,f,y,1,4,9
p,f,g,1,4,3
p,f,g,1,4,3
p,f,y,1,4,9
e,n,u,0,6,6
p,f,y,1,4,9
p,f,g,1,4,3
p,f,y,1,4,9
p,f,g,1,4,3
e,n,n,0,6,0
p,f,y,1,4,9
p,f,g,1,4,3
p,f,g,1,4,3
p,f,y,1,4,9
p,f,y,1,4,9
p,f,y,1,4,9
p,f,y,1,4,9
p,f,g,1,4,3
p,f,w,1,4,8
e,n,e,0,6,7
e,n,u,0,6,6
p,f,y,1,4,9
p,f,g,1,4,3
p,f,y,1,4,9
p,f,g,1,4,3
p,f,g,1,4,3
p,f,g,1,4,3
p,f,y,1,4,9
p,f,g,1,4,3
p,f,g,1,4,3
e,n,p,0,6,5
p,f,g,1,4,3
p,f,y,1,4,9
p,f,g,1,4,3
p,f,y,1,4,9
p,f,y,1,4,9
p,f,g,1,4,3
p,f,y,1,4,9
p,f,g,1,4,3
p,f,g,1,4,3
p,f,y,1,4,9
p,f,g,1,4,3
p,f,g,1,4,3
p,f,y,1,4,9
p,f,g,1,4,3
p,f,g,1,4,3
p,f,g,1,4,3
p,f,g,1,4,3
p,f,g,1,4,3
p,f,y,1,4,9
p,f,y,1,4,9
p,f,g,1,4,3
p,f,y,1,4,9
e,n,n,0,6,0
p,f,g,1,4,3
p,f,y,1,4,9
p,f,g,1,4,3
p,f,y,1,4,9
p,f,y,1,4,9
p,c,w,1,2,8
p,f,y,1,4,9
p,f,b,1,4,1
p,f,y,1,4,9
p,f,g,1,4,3
p,f,y,1,4,9
p,n,p,1,6,5
p,f,b,1,4,1
p,f,g,1,4,3
p,f,g,1,4,3
p,f,g,1,4,3
p,f,g,1,4,3
p,f,g,1,4,3
p,f,y,1,4,9
p,f,y,1,4,9
e,n,u,0,6,6
p,f,y,1,4,9
e,n,e,0,6,7
p,f,y,1,4,9
p,f,y,1,4,9
p,f,n,1,4,0
p,f,g,1,4,3
p,f,y,1,4,9
p,f,g,1,4,3
p,f,g,1,4,3
p,f,g,1,4,3
p,f,y,1,4,9
p,f,y,1,4,9
p,f,g,1,4,3
p,f,g,1,4,3
e,n,n,0,6,0
p,f,y,1,4,9
e,n,e,0,6,7
p,f,y,1,4,9
p,f,g,1,4,3
p,f,g,1,4,3
p,f,y,1,4,9
p,f,g,1,4,3
p,f,g,1,4,3
p,f,g,1,4,3
p,f,g,1,4,3
p,f,y,1,4,9
p,f,y,1,4,9
p,f,y,1,4,9
p,f,g,1,4,3
p,f,y,1,4,9
p,f,g,1,4,3
p,c,p,1,2,5
p,f,y,1,4,9
p,f,g,1,4,3
p,f,y,1,4,9
p,f,g,1,4,3
p,f,y,1,4,9
p,f,g,1,4,3
p,f,y,1,4,9
p,f,g,1,4,3
p,f,g,1,4,3
p,f,y,1,4,9
p,f,y,1,4,9
p,f,g,1,4,3
p,f,y,1,4,9
p,f,g,1,4,3
p,f,g,1,4,3
p,f,y,1,4,9
p,f,g,1,4,3
p,f,g,1,4,3
p,f,g,1,4,3
p,f,g,1,4,3
p,f,y,1,4,9
p,f,g,1,4,3
p,f,g,1,4,3
p,f,y,1,4,9
p,f,y,1,4,9
p,f,g,1,4,3
p,f,g,1,4,3
e,n,p,0,6,5
p,f,y,1,4,9
p,c,p,1,2,5
p,f,y,1,4,9
p,f,g,1,4,3
p,f,y,1,4,9
e,n,e,0,6,7
p,f,y,1,4,9
p,f,y,1,4,9
p,f,g,1,4,3
p,f,y,1,4,9
e,n,n,0,6,0
p,f,y,1,4,9
p,f,g,1,4,3
p,f,y,1,4,9
p,f,y,1,4,9
p,f,y,1,4,9
p,f,g,1,4,3
p,f,g,1,4,3
p,f,y,1,4,9
p,f,g,1,4,3
p,f,y,1,4,9
e,n,g,0,6,3
p,f,g,1,4,3
p,f,n,1,4,0
p,f,g,1,4,3
p,f,g,1,4,3
p,f,y,1,4,9
p,f,g,1,4,3
e,n,e,0,6,7
p,f,g,1,4,3
p,f,y,1,4,9
p,f,g,1,4,3
p,f,y,1,4,9
p,f,y,1,4,9
e,n,n,0,6,0
p,f,g,1,4,3
p,n,n,1,6,0
p,f,g,1,4,3
p,f,y,1,4,9
p,s,n,1,8,0
p,f,g,1,4,3
p,f,g,1,4,3
p,f,w,1,4,8
p,f,y,1,4,9
p,f,g,1,4,3
p,f,y,1,4,9
e,n,e,0,6,7
p,f,y,1,4,9
p,n,y,1,6,9
p,f,y,1,4,9
p,f,g,1,4,3
p,f,y,1,4,9
p,f,y,1,4,9
e,n,e,0,6,7
p,f,y,1,4,9
p,f,y,1,4,9
e,n,n,0,6,0
p,c,w,1,2,8
p,f,y,1,4,9
p,f,y,1,4,9
p,f,y,1,4,9
p,f,y,1,4,9
p,n,b,1,6,1
p,f,w,1,4,8
e,n,e,0,6,7
p,n,w,1,6,8
e,n,p,0,6,5
p,f,w,1,4,8
e,n,n,0,6,0
p,f,y,1,4,9
p,f,b,1,4,1
p,f,g,1,4,3
p,f,y,1,4,9
p,f,g,1,4,3
p,f,y,1,4,9
p,f,y,1,4,9
p,f,y,1,4,9
p,f,y,1,4,9
p,f,g,1,4,3
p,f,g,1,4,3
e,n,e,0,6,7
e,n,n,0,6,0
e,n,b,0,6,1
p,f,y,1,4,9
e,n,g,0,6,3
p,f,y,1,4,9
p,f,g,1,4,3
p,f,g,1,4,3
p,f,g,1,4,3
p,f,y,1,4,9
p,f,y,1,4,9
p,f,n,1,4,0
p,f,g,1,4,3
e,n,n,0,6,0
e,n,e,0,6,7
p,f,g,1,4,3
p,f,y,1,4,9
p,f,g,1,4,3
e,n,e,0,6,7
p,f,y,1,4,9
p,f,y,1,4,9
p,f,g,1,4,3
p,f,y,1,4,9
p,f,g,1,4,3
p,n,w,1,6,8
p,f,y,1,4,9
p,f,n,1,4,0
p,f,g,1,4,3
p,f,y,1,4,9
p,f,y,1,4,9
e,n,p,0,6,5
p,f,w,1,4,8
p,f,g,1,4,3
p,f,g,1,4,3
p,f,y,1,4,9
p,f,b,1,4,1
p,c,g,1,2,3
p,f,y,1,4,9
p,f,g,1,4,3
p,f,y,1,4,9
e,n,r,0,6,4
e,n,w,0,6,8
p,f,y,1,4,9
p,f,y,1,4,9
p,f,y,1,4,9
p,y,e,1,3,7
p,y,e,1,3,7
p,f,g,1,4,3
p,f,y,1,4,9
p,f,g,1,4,3
p,f,g,1,4,3
p,f,y,1,4,9
p,f,y,1,4,9
e,n,e,0,6,7
p,f,y,1,4,9
p,f,y,1,4,9
p,f,g,1,4,3
p,f,y,1,4,9
p,f,y,1,4,9
p,f,y,1,4,9
p,f,g,1,4,3
p,f,g,1,4,3
p,f,g,1,4,3
p,c,w,1,2,8
p,f,g,1,4,3
e,n,e,0,6,7
p,f,y,1,4,9
p,f,y,1,4,9
e,n,b,0,6,1
p,f,y,1,4,9
p,f,y,1,4,9
p,f,y,1,4,9
e,n,n,0,6,0
e,n,e,0,6,7
p,f,g,1,4,3
p,f,y,1,4,9
p,f,g,1,4,3
p,f,y,1,4,9
p,f,g,1,4,3
p,f,g,1,4,3
p,s,n,1,8,0
e,n,b,0,6,1
p,f,y,1,4,9
p,f,g,1,4,3
p,f,g,1,4,3
p,f,y,1,4,9
p,f,y,1,4,9
e,n,p,0,6,5
p,n,n,1,6,0
p,f,g,1,4,3
p,f,y,1,4,9
p,f,g,1,4,3
p,f,b,1,4,1
e,n,b,0,6,1
p,f,w,1,4,8
p,f,g,1,4,3
p,f,y,1,4,9
p,f,g,1,4,3
p,f,y,1,4,9
p,f,y,1,4,9
p,f,b,1,4,1
p,f,g,1,4,3
p,f,g,1,4,3
p,f,y,1,4,9
p,f,y,1,4,9
p,f,g,1,4,3
e,n,b,0,6,1
e,n,p,0,6,5
e,n,n,0,6,0
p,n,p,1,6,5
p,f,g,1,4,3
p,f,y,1,4,9
p,f,g,1,4,3
p,f,g,1,4,3
p,f,y,1,4,9
p,f,g,1,4,3
p,f,g,1,4,3
p,f,y,1,4,9
p,f,y,1,4,9
p,f,y,1,4,9
p,f,y,1,4,9
p,f,y,1,4,9
p,f,g,1,4,3
p,f,g,1,4,3
p,f,y,1,4,9
p,f,y,1,4,9
e,n,u,0,6,6
p,f,g,1,4,3
p,y,n,1,3,0
p,f,y,1,4,9
p,f,y,1,4,9
p,f,g,1,4,3
p,f,y,1,4,9
p,f,y,1,4,9
p,f,g,1,4,3
e,n,b,0,6,1
p,f,g,1,4,3
p,f,y,1,4,9
e,n,n,0,6,0
p,f,g,1,4,3
p,f,g,1,4,3
p,f,n,1,4,0
p,f,y,1,4,9
p,n,n,1,6,0
p,n,b,1,6,1
p,f,y,1,4,9
p,f,g,1,4,3
e,n,u,0,6,6
p,f,y,1,4,9
p,f,y,1,4,9
p,f,y,1,4,9
p,f,y,1,4,9
e,n,e,0,6,7
p,f,g,1,4,3
p,f,y,1,4,9
p,f,y,1,4,9
p,f,g,1,4,3
e,n,b,0,6,1
p,f,y,1,4,9
p,f,g,1,4,3
p,f,y,1,4,9
p,f,y,1,4,9
p,f,w,1,4,8
p,c,g,1,2,3
p,f,y,1,4,9
e,n,u,0,6,6
p,f,y,1,4,9
p,f,g,1,4,3
p,f,y,1,4,9
p,f,y,1,4,9
p,f,g,1,4,3
p,f,g,1,4,3
p,f,y,1,4,9
p,f,y,1,4,9
p,f,g,1,4,3
p,f,g,1,4,3
p,f,g,1,4,3
p,f,g,1,4,3
p,f,y,1,4,9
p,f,g,1,4,3
p,f,y,1,4,9
p,f,g,1,4,3
p,f,y,1,4,9
p,s,n,1,8,0
p,f,y,1,4,9
p,f,y,1,4,9
p,f,b,1,4,1
p,f,g,1,4,3
p,f,y,1,4,9
p,f,y,1,4,9
p,f,g,1,4,3
p,f,y,1,4,9
p,f,g,1,4,3
p,y,e,1,3,7
e,n,b,0,6,1
e,n,b,0,6,1
p,f,g,1,4,3
p,f,y,1,4,9
p,f,g,1,4,3
p,f,g,1,4,3
p,f,b,1,4,1
p,f,y,1,4,9
p,f,w,1,4,8
p,f,y,1,4,9
p,f,g,1,4,3
p,f,w,1,4,8
p,f,b,1,4,1
p,f,w,1,4,8
p,f,y,1,4,9
p,f,g,1,4,3
p,f,y,1,4,9
p,f,g,1,4,3
e,n,w,0,6,8
e,n,e,0,6,7
p,f,g,1,4,3
p,f,g,1,4,3
p,y,n,1,3,0
p,f,g,1,4,3
p,f,g,1,4,3
p,f,y,1,4,9
p,f,y,1,4,9
e,n,e,0,6,7
p,f,y,1,4,9
p,f,y,1,4,9
p,f,g,1,4,3
p,f,y,1,4,9
p,f,y,1,4,9
p,n,y,1,6,9
p,f,y,1,4,9
e,n,c,0,6,2
p,f,g,1,4,3
p,f,y,1,4,9
p,f,g,1,4,3
p,f,g,1,4,3
p,f,y,1,4,9
p,f,y,1,4,9
p,f,y,1,4,9
p,f,y,1,4,9
p,f,y,1,4,9
p,n,p,1,6,5
e,n,p,0,6,5
p,f,y,1,4,9
p,f,y,1,4,9
e,n,b,0,6,1
p,f,y,1,4,9
p,f,w,1,4,8
p,s,n,1,8,0
p,y,n,1,3,0
p,y,e,1,3,7
p,n,w,1,6,8
p,f,g,1,4,3
e,n,c,0,6,2
p,f,g,1,4,3
p,f,y,1,4,9
p,f,y,1,4,9
e,n,p,0,6,5
p,f,b,1,4,1
p,f,g,1,4,3
p,y,e,1,3,7
e,n,c,0,6,2
p,f,w,1,4,8
p,f,w,1,4,8
p,f,b,1,4,1
p,f,b,1,4,1
e,n,c,0,6,2
p,f,g,1,4,3
p,f,w,1,4,8
p,f,g,1,4,3
p,n,w,1,6,8
p,f,g,1,4,3
p,n,w,1,6,8
p,f,b,1,4,1
p,f,w,1,4,8
p,n,y,1,6,9
p,s,n,1,8,0
p,y,n,1,3,0
e,n,n,0,6,0
e,n,b,0,6,1
p,f,w,1,4,8
p,n,b,1,6,1
p,f,y,1,4,9
p,f,g,1,4,3
p,n,b,1,6,1
p,f,n,1,4,0
p,y,e,1,3,7
p,f,g,1,4,3
e,n,e,0,6,7
p,f,n,1,4,0
p,f,y,1,4,9
p,y,n,1,3,0
e,n,n,0,6,0
p,f,n,1,4,0
e,n,b,0,6,1
e,n,n,0,6,0
p,f,y,1,4,9
p,n,b,1,6,1
p,n,n,1,6,0
p,y,n,1,3,0
p,f,b,1,4,1
p,f,b,1,4,1
p,f,y,1,4,9
p,f,g,1,4,3
p,f,n,1,4,0
p,f,b,1,4,1
p,n,n,1,6,0
e,n,e,0,6,7
p,f,b,1,4,1
p,f,w,1,4,8
e,n,e,0,6,7
p,f,y,1,4,9
p,n,n,1,6,0
e,n,n,0,6,0
p,f,g,1,4,3
p,f,b,1,4,1
p,f,b,1,4,1
p,f,y,1,4,9
p,f,y,1,4,9
e,n,p,0,6,5
e,n,p,0,6,5
p,n,w,1,6,8
e,n,c,0,6,2
e,n,n,0,6,0
p,f,b,1,4,1
p,f,g,1,4,3
p,f,y,1,4,9
p,f,b,1,4,1
p,f,w,1,4,8
e,n,c,0,6,2
p,y,e,1,3,7
p,f,y,1,4,9
e,n,w,0,6,8
p,f,y,1,4,9
p,n,p,1,6,5
p,f,g,1,4,3
p,s,n,1,8,0
e,n,p,0,6,5
p,f,n,1,4,0
p,f,g,1,4,3
p,f,b,1,4,1
e,n,p,0,6,5
p,f,y,1,4,9
p,f,g,1,4,3
p,f,g,1,4,3
p,f,b,1,4,1
p,f,n,1,4,0
p,f,y,1,4,9
p,f,y,1,4,9
p,n,n,1,6,0
e,n,b,0,6,1
p,f,y,1,4,9
p,y,e,1,3,7
p,f,g,1,4,3
e,n,n,0,6,0
p,f,g,1,4,3
p,y,n,1,3,0
p,f,g,1,4,3
p,f,g,1,4,3
p,n,p,1,6,5
e,n,b,0,6,1
p,f,w,1,4,8
p,y,n,1,3,0
e,n,n,0,6,0
p,f,y,1,4,9
e,n,p,0,6,5
p,f,g,1,4,3
e,n,p,0,6,5
p,n,n,1,6,0
p,f,b,1,4,1
p,f,n,1,4,0
p,f,n,1,4,0
p,f,b,1,4,1
p,f,n,1,4,0
e,n,p,0,6,5
e,n,c,0,6,2
p,f,y,1,4,9
e,n,n,0,6,0
p,f,g,1,4,3
p,f,y,1,4,9
p,f,g,1,4,3
p,n,w,1,6,8
e,n,n,0,6,0
p,n,y,1,6,9
p,f,w,1,4,8
p,n,y,1,6,9
p,f,y,1,4,9
e,n,b,0,6,1
p,f,y,1,4,9
p,y,n,1,3,0
p,f,y,1,4,9
p,f,y,1,4,9
p,n,w,1,6,8
p,f,y,1,4,9
p,f,w,1,4,8
p,f,b,1,4,1
e,n,b,0,6,1
p,f,y,1,4,9
p,f,b,1,4,1
p,n,b,1,6,1
p,f,w,1,4,8
e,n,n,0,6,0
p,f,g,1,4,3
p,n,y,1,6,9
p,f,g,1,4,3
p,f,y,1,4,9
p,n,n,1,6,0
p,f,b,1,4,1
e,n,e,0,6,7
p,f,n,1,4,0
p,y,n,1,3,0
p,y,n,1,3,0
p,f,w,1,4,8
e,n,n,0,6,0
p,f,g,1,4,3
e,n,b,0,6,1
p,f,w,1,4,8
e,n,n,0,6,0
p,s,n,1,8,0
p,f,w,1,4,8
p,f,g,1,4,3
p,n,y,1,6,9
p,n,w,1,6,8
p,f,y,1,4,9
e,n,p,0,6,5
p,n,w,1,6,8
p,f,b,1,4,1
e,n,w,0,6,8
e,n,r,0,6,4
e,n,b,0,6,1
p,f,g,1,4,3
p,y,e,1,3,7
p,f,y,1,4,9
p,f,g,1,4,3
p,f,b,1,4,1
e,n,e,0,6,7
p,y,e,1,3,7
p,f,g,1,4,3
p,f,y,1,4,9
e,n,n,0,6,0
p,f,g,1,4,3
p,s,n,1,8,0
p,f,w,1,4,8
e,n,c,0,6,2
p,f,g,1,4,3
p,f,g,1,4,3
e,n,r,0,6,4
p,f,y,1,4,9
p,f,n,1,4,0
p,s,n,1,8,0
e,n,e,0,6,7
p,f,g,1,4,3
e,n,n,0,6,0
e,n,e,0,6,7
p,f,n,1,4,0
p,n,n,1,6,0
p,s,n,1,8,0
e,n,b,0,6,1
p,f,w,1,4,8
p,f,y,1,4,9
e,n,n,0,6,0
p,n,w,1,6,8
e,n,n,0,6,0
p,f,y,1,4,9
p,f,b,1,4,1
p,s,n,1,8,0
p,f,g,1,4,3
p,f,g,1,4,3
p,f,n,1,4,0
e,n,w,0,6,8
p,s,n,1,8,0
p,f,g,1,4,3
p,y,e,1,3,7
p,f,w,1,4,8
p,f,g,1,4,3
p,f,w,1,4,8
p,n,y,1,6,9
p,f,w,1,4,8
p,f,g,1,4,3
e,n,c,0,6,2
p,f,w,1,4,8
p,s,n,1,8,0
p,n,p,1,6,5
p,f,y,1,4,9
e,n,p,0,6,5
p,n,b,1,6,1
p,n,y,1,6,9
p,f,y,1,4,9
e,n,n,0,6,0
e,n,n,0,6,0
p,y,n,1,3,0
p,f,g,1,4,3
p,f,b,1,4,1
p,f,g,1,4,3
p,f,b,1,4,1
e,n,r,0,6,4
p,f,y,1,4,9
p,f,g,1,4,3
p,f,n,1,4,0
p,f,y,1,4,9
p,f,w,1,4,8
p,f,w,1,4,8
p,f,g,1,4,3
p,f,y,1,4,9
p,f,n,1,4,0
p,n,y,1,6,9
e,n,n,0,6,0
p,f,y,1,4,9
p,f,g,1,4,3
p,y,n,1,3,0
p,f,y,1,4,9
p,f,y,1,4,9
p,f,w,1,4,8
p,n,p,1,6,5
p,f,y,1,4,9
e,n,p,0,6,5
p,f,b,1,4,1
p,f,w,1,4,8
p,f,w,1,4,8
p,f,n,1,4,0
p,n,p,1,6,5
p,f,b,1,4,1
e,n,p,0,6,5
p,s,n,1,8,0
p,f,y,1,4,9
p,f,w,1,4,8
e,n,b,0,6,1
p,f,b,1,4,1
e,n,c,0,6,2
e,n,p,0,6,5
e,n,n,0,6,0
e,n,p,0,6,5
p,f,g,1,4,3
e,n,e,0,6,7
e,n,e,0,6,7
p,f,w,1,4,8
e,n,b,0,6,1
p,f,b,1,4,1
p,n,y,1,6,9
p,f,w,1,4,8
p,f,y,1,4,9
p,f,y,1,4,9
p,n,n,1,6,0
p,f,y,1,4,9
p,f,y,1,4,9
e,n,c,0,6,2
p,y,e,1,3,7
p,f,w,1,4,8
p,f,n,1,4,0
p,n,p,1,6,5
p,f,y,1,4,9
p,f,b,1,4,1
p,f,y,1,4,9
p,f,b,1,4,1
p,f,b,1,4,1
p,y,n,1,3,0
p,f,y,1,4,9
e,n,n,0,6,0
p,f,y,1,4,9
e,n,b,0,6,1
e,n,e,0,6,7
e,n,n,0,6,0
p,f,w,1,4,8
p,f,y,1,4,9
e,n,p,0,6,5
e,n,e,0,6,7
p,f,y,1,4,9
p,n,b,1,6,1
p,f,b,1,4,1
p,f,g,1,4,3
p,f,b,1,4,1
p,f,y,1,4,9
p,f,w,1,4,8
p,f,g,1,4,3
e,n,r,0,6,4
p,f,y,1,4,9
p,f,n,1,4,0
p,f,b,1,4,1
e,n,c,0,6,2
p,f,g,1,4,3
e,n,u,0,6,6
p,f,y,1,4,9
p,f,g,1,4,3
p,n,w,1,6,8
p,y,n,1,3,0
p,s,n,1,8,0
p,f,g,1,4,3
e,n,p,0,6,5
p,f,g,1,4,3
p,f,b,1,4,1
p,y,n,1,3,0
p,f,g,1,4,3
p,y,n,1,3,0
p,f,w,1,4,8
p,f,g,1,4,3
p,f,g,1,4,3
p,f,y,1,4,9
p,f,y,1,4,9
p,f,g,1,4,3
p,f,y,1,4,9
p,f,g,1,4,3
p,f,b,1,4,1
p,f,w,1,4,8
p,f,g,1,4,3
p,f,b,1,4,1
p,s,n,1,8,0
p,f,w,1,4,8
e,n,e,0,6,7
p,n,b,1,6,1
p,y,n,1,3,0
e,n,n,0,6,0
p,f,w,1,4,8
p,f,w,1,4,8
p,y,n,1,3,0
p,f,w,1,4,8
p,y,n,1,3,0
p,n,p,1,6,5
p,y,e,1,3,7
p,f,g,1,4,3
p,f,y,1,4,9
p,f,g,1,4,3
p,n,w,1,6,8
p,f,g,1,4,3
e,n,p,0,6,5
p,f,w,1,4,8
e,n,p,0,6,5
p,f,w,1,4,8
p,y,n,1,3,0
p,f,y,1,4,9
p,f,g,1,4,3
p,f,g,1,4,3
e,n,e,0,6,7
p,f,y,1,4,9
p,s,n,1,8,0
p,f,b,1,4,1
p,f,y,1,4,9
e,n,e,0,6,7
p,n,p,1,6,5
p,n,w,1,6,8
p,f,y,1,4,9
p,f,y,1,4,9
e,n,r,0,6,4
p,f,w,1,4,8
p,f,w,1,4,8
p,f,b,1,4,1
p,y,n,1,3,0
e,n,e,0,6,7
e,n,p,0,6,5
e,n,b,0,6,1
p,f,g,1,4,3
p,f,y,1,4,9
p,y,n,1,3,0
p,n,w,1,6,8
p,f,w,1,4,8
p,f,g,1,4,3
p,y,e,1,3,7
p,f,g,1,4,3
p,s,n,1,8,0
e,n,p,0,6,5
e,n,w,0,6,8
p,f,y,1,4,9
p,y,n,1,3,0
p,f,y,1,4,9
p,s,n,1,8,0
p,f,g,1,4,3
p,s,n,1,8,0
e,n,n,0,6,0
p,f,w,1,4,8
p,f,y,1,4,9
e,n,p,0,6,5
p,n,b,1,6,1
p,f,g,1,4,3
e,n,r,0,6,4
p,f,n,1,4,0
p,y,n,1,3,0
p,f,b,1,4,1
p,f,y,1,4,9
p,f,n,1,4,0
e,n,n,0,6,0
p,f,n,1,4,0
e,n,e,0,6,7
e,n,b,0,6,1
e,n,n,0,6,0
p,f,w,1,4,8
e,n,b,0,6,1
p,f,y,1,4,9
p,f,y,1,4,9
p,f,y,1,4,9
e,n,e,0,6,7
p,f,w,1,4,8
e,n,c,0,6,2
e,n,n,0,6,0
p,n,p,1,6,5
p,y,n,1,3,0
p,f,b,1,4,1
e,n,r,0,6,4
p,f,b,1,4,1
e,n,u,0,6,6
p,y,n,1,3,0
p,f,w,1,4,8
e,n,e,0,6,7
e,n,p,0,6,5
p,s,n,1,8,0
p,f,n,1,4,0
p,f,w,1,4,8
p,f,y,1,4,9
e,n,n,0,6,0
e,n,e,0,6,7
p,f,w,1,4,8
p,f,y,1,4,9
p,n,b,1,6,1
p,f,y,1,4,9
p,f,g,1,4,3
e,n,p,0,6,5
e,n,n,0,6,0
p,n,w,1,6,8
p,f,y,1,4,9
p,y,e,1,3,7
p,f,b,1,4,1
p,f,b,1,4,1
p,s,n,1,8,0
p,n,p,1,6,5
e,n,c,0,6,2
p,f,n,1,4,0
p,f,w,1,4,8
p,f,n,1,4,0
e,n,n,0,6,0
p,y,n,1,3,0
p,f,g,1,4,3
p,y,e,1,3,7
e,n,r,0,6,4
p,n,p,1,6,5
e,n,p,0,6,5
p,y,n,1,3,0
p,f,n,1,4,0
p,f,g,1,4,3
p,f,y,1,4,9
p,n,p,1,6,5
p,s,n,1,8,0
p,s,n,1,8,0
e,n,b,0,6,1
p,f,b,1,4,1
e,n,c,0,6,2
e,n,w,0,6,8
p,y,n,1,3,0
e,n,n,0,6,0
p,f,n,1,4,0
p,s,n,1,8,0
e,n,p,0,6,5
p,n,w,1,6,8
p,f,n,1,4,0
p,f,y,1,4,9
e,n,n,0,6,0
p,f,g,1,4,3
p,n,w,1,6,8
p,f,g,1,4,3
e,n,n,0,6,0
p,f,y,1,4,9
p,s,n,1,8,0
p,y,e,1,3,7
p,f,y,1,4,9
p,n,w,1,6,8
p,f,b,1,4,1
e,n,b,0,6,1
e,n,c,0,6,2
p,f,w,1,4,8
e,n,p,0,6,5
e,n,n,0,6,0
e,n,b,0,6,1
p,f,y,1,4,9
p,f,g,1,4,3
p,f,y,1,4,9
e,n,e,0,6,7
p,f,b,1,4,1
e,n,n,0,6,0
p,f,y,1,4,9
p,f,g,1,4,3
p,n,b,1,6,1
p,y,e,1,3,7
p,f,y,1,4,9
p,f,y,1,4,9
p,n,w,1,6,8
e,n,e,0,6,7
p,f,y,1,4,9
e,n,n,0,6,0
p,n,y,1,6,9
p,f,g,1,4,3
p,f,y,1,4,9
p,y,e,1,3,7
e,n,b,0,6,1
p,f,w,1,4,8
p,f,w,1,4,8
p,f,g,1,4,3
e,n,p,0,6,5
p,f,y,1,4,9
p,f,y,1,4,9
e,n,e,0,6,7
e,n,n,0,6,0
p,f,y,1,4,9
p,f,b,1,4,1
p,f,g,1,4,3
p,f,g,1,4,3
p,f,w,1,4,8
p,n,n,1,6,0
p,f,b,1,4,1
e,n,e,0,6,7
p,f,y,1,4,9
p,f,b,1,4,1
e,n,n,0,6,0
p,f,y,1,4,9
e,n,c,0,6,2
p,f,g,1,4,3
p,y,n,1,3,0
e,n,p,0,6,5
p,f,b,1,4,1
p,f,g,1,4,3
p,f,y,1,4,9
p,y,e,1,3,7
e,n,r,0,6,4
p,f,y,1,4,9
p,f,g,1,4,3
p,f,w,1,4,8
p,f,b,1,4,1
e,n,n,0,6,0
p,n,y,1,6,9
e,n,u,0,6,6
p,y,n,1,3,0
e,n,n,0,6,0
p,f,w,1,4,8
p,f,y,1,4,9
e,n,b,0,6,1
e,n,c,0,6,2
p,f,g,1,4,3
p,f,g,1,4,3
p,y,e,1,3,7
e,n,p,0,6,5
e,n,p,0,6,5
p,f,y,1,4,9
p,y,n,1,3,0
e,n,n,0,6,0
p,f,y,1,4,9
p,s,n,1,8,0
e,n,n,0,6,0
p,f,y,1,4,9
p,f,y,1,4,9
p,f,y,1,4,9
e,n,c,0,6,2
p,n,b,1,6,1
e,n,e,0,6,7
p,f,b,1,4,1
p,f,g,1,4,3
p,f,y,1,4,9
p,f,g,1,4,3
p,y,e,1,3,7
p,f,w,1,4,8
e,n,p,0,6,5
p,f,b,1,4,1
p,y,e,1,3,7
e,n,w,0,6,8
e,n,p,0,6,5
p,f,b,1,4,1
p,n,w,1,6,8
p,f,g,1,4,3
p,s,n,1,8,0
e,n,e,0,6,7
p,y,n,1,3,0
p,s,n,1,8,0
p,f,w,1,4,8
e,n,e,0,6,7
p,f,b,1,4,1
p,n,w,1,6,8
e,n,n,0,6,0
p,f,g,1,4,3
p,f,w,1,4,8
p,f,y,1,4,9
e,n,b,0,6,1
e,n,n,0,6,0
e,n,r,0,6,4
e,n,b,0,6,1
p,f,w,1,4,8
p,y,n,1,3,0
e,n,b,0,6,1
p,n,w,1,6,8
p,f,b,1,4,1
p,f,g,1,4,3
e,n,n,0,6,0
p,f,g,1,4,3
e,n,p,0,6,5
p,n,b,1,6,1
p,s,n,1,8,0
p,f,y,1,4,9
p,f,b,1,4,1
e,n,c,0,6,2
p,f,g,1,4,3
p,f,w,1,4,8
p,n,b,1,6,1
p,n,p,1,6,5
p,f,w,1,4,8
e,n,n,0,6,0
p,s,n,1,8,0
p,f,g,1,4,3
e,n,b,0,6,1
p,f,n,1,4,0
p,f,b,1,4,1
p,n,p,1,6,5
p,y,n,1,3,0
p,f,w,1,4,8
p,f,w,1,4,8
e,n,r,0,6,4
p,f,w,1,4,8
p,f,w,1,4,8
e,n,w,0,6,8
p,s,n,1,8,0
e,n,b,0,6,1
p,f,n,1,4,0
p,y,n,1,3,0
p,f,b,1,4,1
e,n,r,0,6,4
p,n,p,1,6,5
p,f,b,1,4,1
e,n,c,0,6,2
e,n,u,0,6,6
p,f,b,1,4,1
e,n,w,0,6,8
p,y,n,1,3,0
e,n,p,0,6,5
p,n,p,1,6,5
p,n,n,1,6,0
p,f,y,1,4,9
p,f,w,1,4,8
p,f,g,1,4,3
e,n,e,0,6,7
p,n,b,1,6,1
p,n,p,1,6,5
p,s,n,1,8,0
p,f,b,1,4,1
p,f,y,1,4,9
p,n,w,1,6,8
e,n,n,0,6,0
p,f,y,1,4,9
p,f,y,1,4,9
p,f,y,1,4,9
p,f,g,1,4,3
p,y,e,1,3,7
p,n,y,1,6,9
p,f,n,1,4,0
p,f,w,1,4,8
p,f,g,1,4,3
e,n,n,0,6,0
p,f,g,1,4,3
p,f,b,1,4,1
e,n,e,0,6,7
p,f,b,1,4,1
p,f,y,1,4,9
p,f,n,1,4,0
p,f,w,1,4,8
p,f,g,1,4,3
p,f,y,1,4,9
e,n,c,0,6,2
p,s,n,1,8,0
e,n,e,0,6,7
p,y,n,1,3,0
p,f,w,1,4,8
p,y,e,1,3,7
e,n,n,0,6,0
p,f,g,1,4,3
p,f,w,1,4,8
e,n,e,0,6,7
p,f,y,1,4,9
p,f,y,1,4,9
e,n,e,0,6,7
p,f,g,1,4,3
e,n,n,0,6,0
p,f,y,1,4,9
p,f,w,1,4,8
p,s,n,1,8,0
p,f,y,1,4,9
p,n,w,1,6,8
p,s,n,1,8,0
e,n,w,0,6,8
e,n,w,0,6,8
p,f,n,1,4,0
p,f,g,1,4,3
e,n,u,0,6,6
p,n,w,1,6,8
p,f,y,1,4,9
p,f,g,1,4,3
p,f,y,1,4,9
p,f,y,1,4,9
p,f,y,1,4,9
p,f,g,1,4,3
e,n,r,0,6,4
p,f,w,1,4,8
e,n,n,0,6,0
p,s,n,1,8,0
p,f,g,1,4,3
p,f,y,1,4,9
p,n,w,1,6,8
p,f,n,1,4,0
p,n,b,1,6,1
p,f,y,1,4,9
p,f,g,1,4,3
e,n,e,0,6,7
e,n,b,0,6,1
p,f,n,1,4,0
e,n,e,0,6,7
p,n,b,1,6,1
e,n,n,0,6,0
p,y,e,1,3,7
e,n,b,0,6,1
p,f,g,1,4,3
p,n,b,1,6,1
p,s,n,1,8,0
p,y,e,1,3,7
p,f,y,1,4,9
p,f,n,1,4,0
p,s,n,1,8,0
p,f,g,1,4,3
e,n,p,0,6,5
e,n,u,0,6,6
p,f,y,1,4,9
p,f,g,1,4,3
p,s,n,1,8,0
p,f,g,1,4,3
p,f,b,1,4,1
p,f,y,1,4,9
p,n,w,1,6,8
e,n,n,0,6,0
p,y,e,1,3,7
p,f,y,1,4,9
e,n,b,0,6,1
p,f,b,1,4,1
p,f,g,1,4,3
p,f,b,1,4,1
p,f,y,1,4,9
p,f,n,1,4,0
p,f,w,1,4,8
e,n,n,0,6,0
e,n,e,0,6,7
e,n,w,0,6,8
p,f,b,1,4,1
p,f,g,1,4,3
e,n,e,0,6,7
p,f,y,1,4,9
p,s,n,1,8,0
p,n,w,1,6,8
p,f,g,1,4,3
e,n,n,0,6,0
p,f,y,1,4,9
p,f,w,1,4,8
e,n,b,0,6,1
e,n,p,0,6,5
p,f,g,1,4,3
p,f,g,1,4,3
p,f,w,1,4,8
p,f,y,1,4,9
p,f,w,1,4,8
e,n,n,0,6,0
e,n,p,0,6,5
p,f,y,1,4,9
e,n,b,0,6,1
e,n,e,0,6,7
p,f,g,1,4,3
p,f,b,1,4,1
p,f,y,1,4,9
p,f,b,1,4,1
p,f,w,1,4,8
p,f,y,1,4,9
p,f,y,1,4,9
p,f,g,1,4,3
p,f,g,1,4,3
p,n,p,1,6,5
p,f,n,1,4,0
p,n,w,1,6,8
e,n,n,0,6,0
p,y,n,1,3,0
p,y,n,1,3,0
p,f,n,1,4,0
p,f,b,1,4,1
p,n,y,1,6,9
p,f,g,1,4,3
e,n,p,0,6,5
e,n,p,0,6,5
e,n,n,0,6,0
p,n,p,1,6,5
p,f,g,1,4,3
p,f,g,1,4,3
p,f,y,1,4,9
p,s,n,1,8,0
p,n,b,1,6,1
p,f,b,1,4,1
p,n,b,1,6,1
e,n,w,0,6,8
e,n,n,0,6,0
p,f,y,1,4,9
p,f,b,1,4,1
p,f,y,1,4,9
e,n,e,0,6,7
p,f,y,1,4,9
p,n,n,1,6,0
p,s,n,1,8,0
p,f,y,1,4,9
p,f,y,1,4,9
p,f,g,1,4,3
p,f,n,1,4,0
e,n,n,0,6,0
e,n,n,0,6,0
p,n,b,1,6,1
p,n,n,1,6,0
p,f,g,1,4,3
p,s,n,1,8,0
p,f,g,1,4,3
p,f,g,1,4,3
p,f,g,1,4,3
e,n,r,0,6,4
p,y,n,1,3,0
p,n,p,1,6,5
p,y,e,1,3,7
p,f,b,1,4,1
p,f,b,1,4,1
e,n,e,0,6,7
p,f,b,1,4,1
e,n,n,0,6,0
p,f,y,1,4,9
e,n,w,0,6,8
p,f,w,1,4,8
p,n,p,1,6,5
p,f,y,1,4,9
p,f,g,1,4,3
p,f,n,1,4,0
p,f,y,1,4,9
p,f,g,1,4,3
p,f,w,1,4,8
p,s,n,1,8,0
p,f,y,1,4,9
p,f,n,1,4,0
p,n,b,1,6,1
p,f,y,1,4,9
p,y,e,1,3,7
p,f,n,1,4,0
e,n,b,0,6,1
e,n,w,0,6,8
p,f,b,1,4,1
p,f,y,1,4,9
p,f,e,1,4,7
p,s,e,1,8,7
p,f,e,1,4,7
p,f,n,1,4,0
p,f,n,1,4,0
p,s,e,1,8,7
p,y,n,1,3,0
p,y,e,1,3,7
p,s,e,1,8,7
p,f,n,1,4,0
p,f,e,1,4,7
p,s,e,1,8,7
p,s,n,1,8,0
p,f,e,1,4,7
p,y,e,1,3,7
p,f,e,1,4,7
p,y,n,1,3,0
p,f,n,1,4,0
p,s,e,1,8,7
p,y,n,1,3,0
p,f,n,1,4,0
p,y,e,1,3,7
p,s,e,1,8,7
p,y,e,1,3,7
p,y,e,1,3,7
p,s,n,1,8,0
p,y,e,1,3,7
p,y,n,1,3,0
p,s,e,1,8,7
p,y,e,1,3,7
p,s,n,1,8,0
p,s,e,1,8,7
p,s,e,1,8,7
p,f,e,1,4,7
p,s,n,1,8,0
p,s,n,1,8,0
p,f,e,1,4,7
p,y,n,1,3,0
e,n,n,0,6,0
p,y,n,1,3,0
e,n,n,0,6,0
p,y,e,1,3,7
p,s,n,1,8,0
p,y,e,1,3,7
p,y,n,1,3,0
p,y,e,1,3,7
p,f,n,1,4,0
p,s,n,1,8,0
p,y,e,1,3,7
p,f,n,1,4,0
p,s,n,1,8,0
p,f,n,1,4,0
p,s,e,1,8,7
p,y,e,1,3,7
p,f,e,1,4,7
p,y,e,1,3,7
p,f,e,1,4,7
p,y,n,1,3,0
p,f,e,1,4,7
p,s,e,1,8,7
p,f,n,1,4,0
p,f,n,1,4,0
p,s,e,1,8,7
p,f,e,1,4,7
p,s,e,1,8,7
p,s,n,1,8,0
p,f,e,1,4,7
p,s,n,1,8,0
e,n,w,0,6,8
p,y,n,1,3,0
p,f,n,1,4,0
p,f,e,1,4,7
p,s,n,1,8,0
p,s,n,1,8,0
p,s,e,1,8,7
p,f,e,1,4,7
p,y,n,1,3,0
p,f,n,1,4,0
p,s,n,1,8,0
p,s,n,1,8,0
p,y,e,1,3,7
p,y,e,1,3,7
p,s,n,1,8,0
p,s,n,1,8,0
p,y,n,1,3,0
p,s,n,1,8,0
p,y,n,1,3,0
p,s,e,1,8,7
p,y,n,1,3,0
p,s,n,1,8,0
p,f,e,1,4,7
p,y,n,1,3,0
p,f,n,1,4,0
p,f,n,1,4,0
p,y,e,1,3,7
p,f,e,1,4,7
p,f,e,1,4,7
p,y,n,1,3,0
p,y,e,1,3,7
p,f,e,1,4,7
p,f,n,1,4,0
p,s,n,1,8,0
p,f,e,1,4,7
p,s,e,1,8,7
p,y,n,1,3,0
p,y,n,1,3,0
p,s,e,1,8,7
p,y,n,1,3,0
p,s,n,1,8,0
p,f,n,1,4,0
p,y,e,1,3,7
p,s,e,1,8,7
p,f,e,1,4,7
p,f,e,1,4,7
p,f,e,1,4,7
p,s,e,1,8,7
p,s,e,1,8,7
p,f,n,1,4,0
p,f,e,1,4,7
p,s,e,1,8,7
e,n,c,0,6,2
p,y,e,1,3,7
p,y,n,1,3,0
p,y,n,1,3,0
p,s,n,1,8,0
p,y,e,1,3,7
p,s,e,1,8,7
p,f,e,1,4,7
p,f,e,1,4,7
p,y,n,1,3,0
p,f,e,1,4,7
p,f,e,1,4,7
p,y,n,1,3,0
p,y,e,1,3,7
p,s,e,1,8,7
p,f,e,1,4,7
p,s,n,1,8,0
p,y,n,1,3,0
p,y,e,1,3,7
p,f,n,1,4,0
p,s,e,1,8,7
p,y,e,1,3,7
e,n,w,0,6,8
p,s,e,1,8,7
p,f,e,1,4,7
p,s,e,1,8,7
p,y,e,1,3,7
e,n,w,0,6,8
p,s,n,1,8,0
p,s,n,1,8,0
p,s,n,1,8,0
p,f,e,1,4,7
p,f,n,1,4,0
p,f,n,1,4,0
p,s,e,1,8,7
p,y,n,1,3,0
p,f,e,1,4,7
p,f,e,1,4,7
p,f,e,1,4,7
p,s,e,1,8,7
p,f,e,1,4,7
p,s,e,1,8,7
p,s,e,1,8,7
p,s,e,1,8,7
p,y,n,1,3,0
p,y,n,1,3,0
p,f,e,1,4,7
p,y,e,1,3,7
p,y,n,1,3,0
p,y,e,1,3,7
p,y,n,1,3,0
p,f,n,1,4,0
p,f,e,1,4,7
p,f,e,1,4,7
p,f,e,1,4,7
p,f,n,1,4,0
p,f,n,1,4,0
p,f,e,1,4,7
p,s,e,1,8,7
p,y,e,1,3,7
p,f,e,1,4,7
p,s,n,1,8,0
p,f,n,1,4,0
p,s,e,1,8,7
p,s,e,1,8,7
p,y,e,1,3,7
p,f,e,1,4,7
p,s,e,1,8,7
p,s,n,1,8,0
p,s,e,1,8,7
p,s,e,1,8,7
p,f,n,1,4,0
p,f,n,1,4,0
p,f,e,1,4,7
e,n,g,0,6,3
p,s,e,1,8,7
p,s,e,1,8,7
p,s,e,1,8,7
p,y,e,1,3,7
p,y,e,1,3,7
p,f,e,1,4,7
p,f,n,1,4,0
p,f,n,1,4,0
e,n,w,0,6,8
p,s,e,1,8,7
p,f,e,1,4,7
p,y,n,1,3,0
p,s,n,1,8,0
p,y,e,1,3,7
p,y,e,1,3,7
p,f,e,1,4,7
p,y,n,1,3,0
p,f,e,1,4,7
p,s,e,1,8,7
e,n,g,0,6,3
p,s,e,1,8,7
p,f,e,1,4,7
p,f,e,1,4,7
p,s,n,1,8,0
e,n,w,0,6,8
p,s,e,1,8,7
p,y,n,1,3,0
p,f,e,1,4,7
p,s,n,1,8,0
p,f,e,1,4,7
p,y,e,1,3,7
p,s,e,1,8,7
p,f,e,1,4,7
p,s,e,1,8,7
p,y,n,1,3,0
p,y,e,1,3,7
p,y,n,1,3,0
p,y,e,1,3,7
p,y,n,1,3,0
p,f,e,1,4,7
p,f,n,1,4,0
p,f,n,1,4,0
p,s,e,1,8,7
p,y,e,1,3,7
p,y,n,1,3,0
p,s,n,1,8,0
p,f,e,1,4,7
p,f,e,1,4,7
p,y,e,1,3,7
p,y,e,1,3,7
p,f,e,1,4,7
p,s,n,1,8,0
p,s,n,1,8,0
p,f,n,1,4,0
p,y,n,1,3,0
p,s,n,1,8,0
p,s,e,1,8,7
p,f,n,1,4,0
p,s,e,1,8,7
p,s,e,1,8,7
p,y,e,1,3,7
p,y,e,1,3,7
p,s,e,1,8,7
p,s,e,1,8,7
p,y,e,1,3,7
p,f,e,1,4,7
e,n,g,0,6,3
p,y,n,1,3,0
p,s,e,1,8,7
p,y,n,1,3,0
p,s,e,1,8,7
p,s,n,1,8,0
p,y,e,1,3,7
p,s,e,1,8,7
p,y,e,1,3,7
p,f,e,1,4,7
p,s,e,1,8,7
p,s,e,1,8,7
p,f,n,1,4,0
p,s,n,1,8,0
p,y,n,1,3,0
p,s,e,1,8,7
p,f,n,1,4,0
p,f,e,1,4,7
e,n,w,0,6,8
p,s,e,1,8,7
p,y,e,1,3,7
p,f,e,1,4,7
p,f,n,1,4,0
p,y,e,1,3,7
p,s,n,1,8,0
p,f,e,1,4,7
p,f,n,1,4,0
p,f,e,1,4,7
p,s,n,1,8,0
p,y,n,1,3,0
p,s,e,1,8,7
p,s,n,1,8,0
p,s,e,1,8,7
p,y,e,1,3,7
p,f,n,1,4,0
p,f,e,1,4,7
p,f,n,1,4,0
p,y,n,1,3,0
p,y,n,1,3,0
p,s,e,1,8,7
p,y,n,1,3,0
p,f,e,1,4,7
p,s,e,1,8,7
p,s,n,1,8,0
p,f,e,1,4,7
p,f,e,1,4,7
p,f,n,1,4,0
p,y,e,1,3,7
p,f,e,1,4,7
p,f,n,1,4,0
p,f,e,1,4,7
p,f,e,1,4,7
p,s,e,1,8,7
p,f,n,1,4,0
p,y,n,1,3,0
p,f,e,1,4,7
p,y,n,1,3,0
p,f,n,1,4,0
p,y,e,1,3,7
p,f,e,1,4,7
p,y,e,1,3,7
p,f,n,1,4,0
p,s,n,1,8,0
p,s,e,1,8,7
p,y,n,1,3,0
p,s,n,1,8,0
p,y,e,1,3,7
p,f,n,1,4,0
p,f,e,1,4,7
p,f,e,1,4,7
e,n,g,0,6,3
p,f,e,1,4,7
p,f,e,1,4,7
p,s,e,1,8,7
p,s,e,1,8,7
p,f,n,1,4,0
p,y,n,1,3,0
p,s,n,1,8,0
p,f,e,1,4,7
p,f,e,1,4,7
p,f,n,1,4,0
p,f,n,1,4,0
p,y,n,1,3,0
p,f,e,1,4,7
p,f,e,1,4,7
p,f,n,1,4,0
p,s,n,1,8,0
p,f,e,1,4,7
p,f,n,1,4,0
p,f,n,1,4,0
p,f,n,1,4,0
p,s,n,1,8,0
p,y,n,1,3,0
p,y,n,1,3,0
p,y,n,1,3,0
p,f,n,1,4,0
p,y,n,1,3,0
p,y,n,1,3,0
p,f,n,1,4,0
p,f,n,1,4,0
p,y,e,1,3,7
p,f,e,1,4,7
p,s,n,1,8,0
p,y,e,1,3,7
p,f,n,1,4,0
e,n,w,0,6,8
p,f,n,1,4,0
p,f,n,1,4,0
p,y,n,1,3,0
p,f,n,1,4,0
p,y,n,1,3,0
p,f,n,1,4,0
p,f,n,1,4,0
p,y,e,1,3,7
e,n,n,0,6,0
p,f,e,1,4,7
p,s,e,1,8,7
p,y,e,1,3,7
p,s,n,1,8,0
p,s,e,1,8,7
p,f,n,1,4,0
p,s,e,1,8,7
p,s,n,1,8,0
p,y,n,1,3,0
p,f,e,1,4,7
p,s,e,1,8,7
p,f,e,1,4,7
p,y,n,1,3,0
p,s,e,1,8,7
p,y,n,1,3,0
p,s,n,1,8,0
p,f,e,1,4,7
p,y,n,1,3,0
p,y,e,1,3,7
p,f,n,1,4,0
e,n,w,0,6,8
p,y,n,1,3,0
p,f,n,1,4,0
p,y,e,1,3,7
p,s,e,1,8,7
p,s,n,1,8,0
p,f,e,1,4,7
e,n,g,0,6,3
p,s,e,1,8,7
p,s,e,1,8,7
e,n,w,0,6,8
p,y,n,1,3,0
p,s,e,1,8,7
p,f,e,1,4,7
p,s,n,1,8,0
p,f,n,1,4,0
p,s,e,1,8,7
p,s,e,1,8,7
p,s,e,1,8,7
p,m,e,1,5,7
p,y,n,1,3,0
p,y,e,1,3,7
p,s,e,1,8,7
p,y,e,1,3,7
p,f,e,1,4,7
p,s,e,1,8,7
p,f,e,1,4,7
p,s,e,1,8,7
e,n,n,0,6,0
p,s,n,1,8,0
p,s,e,1,8,7
p,s,e,1,8,7
p,f,n,1,4,0
p,y,e,1,3,7
p,f,e,1,4,7
p,s,e,1,8,7
p,y,e,1,3,7
p,f,e,1,4,7
e,n,n,0,6,0
p,s,n,1,8,0
p,f,e,1,4,7
p,f,n,1,4,0
p,y,e,1,3,7
p,f,e,1,4,7
p,s,n,1,8,0
p,f,n,1,4,0
p,y,n,1,3,0
p,s,e,1,8,7
p,y,n,1,3,0
p,y,n,1,3,0
p,y,e,1,3,7
p,y,n,1,3,0
p,y,n,1,3,0
e,n,w,0,6,8
p,y,e,1,3,7
p,y,e,1,3,7
p,f,n,1,4,0
p,s,n,1,8,0
p,y,e,1,3,7
p,f,n,1,4,0
p,s,n,1,8,0
p,s,n,1,8,0
p,y,n,1,3,0
p,s,e,1,8,7
p,s,e,1,8,7
p,f,e,1,4,7
p,s,e,1,8,7
p,f,n,1,4,0
p,f,n,1,4,0
p,y,n,1,3,0
p,y,n,1,3,0
p,y,e,1,3,7
p,y,e,1,3,7
p,f,n,1,4,0
p,f,e,1,4,7
p,f,n,1,4,0
p,s,e,1,8,7
p,y,n,1,3,0
p,f,n,1,4,0
p,y,e,1,3,7
p,f,n,1,4,0
p,y,e,1,3,7
p,s,e,1,8,7
p,s,n,1,8,0
p,s,e,1,8,7
p,y,e,1,3,7
p,s,e,1,8,7
p,y,e,1,3,7
p,y,e,1,3,7
p,y,e,1,3,7
p,s,e,1,8,7
p,f,n,1,4,0
p,s,n,1,8,0
p,f,e,1,4,7
p,s,n,1,8,0
p,s,n,1,8,0
p,f,n,1,4,0
p,s,e,1,8,7
p,f,e,1,4,7
p,y,n,1,3,0
p,y,e,1,3,7
p,f,e,1,4,7
p,s,n,1,8,0
p,f,e,1,4,7
p,f,n,1,4,0
p,s,e,1,8,7
p,f,e,1,4,7
p,f,e,1,4,7
p,y,e,1,3,7
p,s,n,1,8,0
p,f,e,1,4,7
p,s,n,1,8,0
p,y,e,1,3,7
e,n,w,0,6,8
p,s,e,1,8,7
p,f,e,1,4,7
p,y,n,1,3,0
p,y,e,1,3,7
p,y,n,1,3,0
p,f,n,1,4,0
p,y,n,1,3,0
e,n,g,0,6,3
p,f,e,1,4,7
p,f,e,1,4,7
p,y,e,1,3,7
p,y,n,1,3,0
p,y,e,1,3,7
p,f,e,1,4,7
p,s,e,1,8,7
p,f,n,1,4,0
p,s,n,1,8,0
p,s,e,1,8,7
p,y,n,1,3,0
p,s,n,1,8,0
e,n,w,0,6,8
p,f,n,1,4,0
p,f,e,1,4,7
p,f,e,1,4,7
p,s,n,1,8,0
p,y,n,1,3,0
p,y,e,1,3,7
p,s,n,1,8,0
p,y,e,1,3,7
p,y,e,1,3,7
p,s,e,1,8,7
p,s,n,1,8,0
p,f,n,1,4,0
p,s,e,1,8,7
p,s,n,1,8,0
p,f,n,1,4,0
p,y,n,1,3,0
p,f,e,1,4,7
p,s,e,1,8,7
p,s,e,1,8,7
p,f,e,1,4,7
p,s,e,1,8,7
p,y,n,1,3,0
p,s,n,1,8,0
p,y,e,1,3,7
p,f,e,1,4,7
p,s,e,1,8,7
p,s,n,1,8,0
e,n,n,0,6,0
p,y,n,1,3,0
p,y,n,1,3,0
p,f,n,1,4,0
p,y,n,1,3,0
p,y,n,1,3,0
p,y,n,1,3,0
p,f,e,1,4,7
p,y,e,1,3,7
p,f,n,1,4,0
p,f,e,1,4,7
p,s,n,1,8,0
p,y,e,1,3,7
p,s,e,1,8,7
p,f,e,1,4,7
p,y,e,1,3,7
p,y,e,1,3,7
p,f,e,1,4,7
p,f,n,1,4,0
p,y,n,1,3,0
p,f,n,1,4,0
p,y,e,1,3,7
p,y,e,1,3,7
p,s,n,1,8,0
p,s,e,1,8,7
p,s,n,1,8,0
p,s,n,1,8,0
p,y,e,1,3,7
p,y,n,1,3,0
p,y,e,1,3,7
p,s,e,1,8,7
p,f,n,1,4,0
p,y,n,1,3,0
p,s,n,1,8,0
p,s,e,1,8,7
p,s,e,1,8,7
p,s,e,1,8,7
p,s,n,1,8,0
p,y,n,1,3,0
p,s,n,1,8,0
p,y,e,1,3,7
e,n,g,0,6,3
p,y,n,1,3,0
p,s,e,1,8,7
p,s,n,1,8,0
p,s,n,1,8,0
p,s,e,1,8,7
p,f,n,1,4,0
p,f,e,1,4,7
p,s,n,1,8,0
p,y,n,1,3,0
p,f,e,1,4,7
p,f,n,1,4,0
p,f,n,1,4,0
p,f,e,1,4,7
p,y,e,1,3,7
p,s,n,1,8,0
p,f,n,1,4,0
p,y,e,1,3,7
p,s,e,1,8,7
p,f,e,1,4,7
p,s,n,1,8,0
p,s,e,1,8,7
p,f,n,1,4,0
p,s,e,1,8,7
p,y,e,1,3,7
p,f,e,1,4,7
p,s,e,1,8,7
p,y,n,1,3,0
p,s,e,1,8,7
p,y,e,1,3,7
p,y,n,1,3,0
p,s,n,1,8,0
p,y,e,1,3,7
p,f,e,1,4,7
p,s,n,1,8,0
p,f,e,1,4,7
p,s,n,1,8,0
p,f,n,1,4,0
p,y,e,1,3,7
p,y,n,1,3,0
p,y,n,1,3,0
p,y,n,1,3,0
p,y,n,1,3,0
p,s,e,1,8,7
p,f,n,1,4,0
p,y,e,1,3,7
p,f,n,1,4,0
p,y,n,1,3,0
p,s,n,1,8,0
p,y,e,1,3,7
p,y,n,1,3,0
p,s,e,1,8,7
p,y,n,1,3,0
p,s,e,1,8,7
p,f,e,1,4,7
p,y,e,1,3,7
p,s,n,1,8,0
p,f,e,1,4,7
p,f,n,1,4,0
p,s,e,1,8,7
p,y,e,1,3,7
e,n,g,0,6,3
p,y,n,1,3,0
p,s,n,1,8,0
e,n,n,0,6,0
p,y,n,1,3,0
p,s,n,1,8,0
p,s,e,1,8,7
p,s,e,1,8,7
p,m,c,1,5,2
p,s,e,1,8,7
p,s,n,1,8,0
p,y,n,1,3,0
p,s,e,1,8,7
p,f,e,1,4,7
p,f,e,1,4,7
p,f,n,1,4,0
p,s,n,1,8,0
p,y,e,1,3,7
p,y,e,1,3,7
p,s,e,1,8,7
p,y,n,1,3,0
p,f,e,1,4,7
p,s,e,1,8,7
p,f,e,1,4,7
p,f,e,1,4,7
p,y,e,1,3,7
p,f,e,1,4,7
p,s,e,1,8,7
p,f,e,1,4,7
p,y,e,1,3,7
p,y,n,1,3,0
p,s,n,1,8,0
p,y,n,1,3,0
p,s,n,1,8,0
p,s,e,1,8,7
p,f,n,1,4,0
p,y,n,1,3,0
p,f,n,1,4,0
p,y,e,1,3,7
p,s,e,1,8,7
p,f,n,1,4,0
p,y,e,1,3,7
p,s,n,1,8,0
p,s,n,1,8,0
p,f,e,1,4,7
p,y,n,1,3,0
p,f,e,1,4,7
p,y,n,1,3,0
p,y,n,1,3,0
p,f,n,1,4,0
p,y,e,1,3,7
p,f,n,1,4,0
p,f,e,1,4,7
p,f,e,1,4,7
p,s,e,1,8,7
p,y,e,1,3,7
p,s,e,1,8,7
p,f,n,1,4,0
p,y,n,1,3,0
p,s,e,1,8,7
p,s,e,1,8,7
p,f,e,1,4,7
p,s,n,1,8,0
p,f,e,1,4,7
p,s,e,1,8,7
p,y,n,1,3,0
p,s,e,1,8,7
p,y,e,1,3,7
p,s,e,1,8,7
p,f,n,1,4,0
p,f,e,1,4,7
p,s,n,1,8,0
p,y,e,1,3,7
p,s,e,1,8,7
p,y,n,1,3,0
p,s,e,1,8,7
p,y,e,1,3,7
p,s,e,1,8,7
p,y,n,1,3,0
p,y,n,1,3,0
p,f,e,1,4,7
p,y,n,1,3,0
p,s,e,1,8,7
p,y,e,1,3,7
e,n,g,0,6,3
p,y,e,1,3,7
p,f,n,1,4,0
p,s,n,1,8,0
p,f,e,1,4,7
p,y,e,1,3,7
p,s,e,1,8,7
p,y,e,1,3,7
e,n,g,0,6,3
p,s,n,1,8,0
p,f,e,1,4,7
p,s,n,1,8,0
p,f,n,1,4,0
p,f,n,1,4,0
p,s,e,1,8,7
p,s,n,1,8,0
p,y,n,1,3,0
p,f,e,1,4,7
e,n,g,0,6,3
e,n,n,0,6,0
p,s,n,1,8,0
p,s,n,1,8,0
p,s,n,1,8,0
p,s,e,1,8,7
p,y,n,1,3,0
p,f,n,1,4,0
p,y,e,1,3,7
p,f,e,1,4,7
p,s,n,1,8,0
p,y,e,1,3,7
e,n,w,0,6,8
p,f,n,1,4,0
p,y,e,1,3,7
p,y,n,1,3,0
p,y,n,1,3,0
p,f,n,1,4,0
p,y,n,1,3,0
p,y,n,1,3,0
p,y,e,1,3,7
p,y,n,1,3,0
p,f,n,1,4,0
p,s,n,1,8,0
p,f,n,1,4,0
p,s,e,1,8,7
p,f,e,1,4,7
p,s,e,1,8,7
p,f,n,1,4,0
p,s,e,1,8,7
p,s,e,1,8,7
p,s,e,1,8,7
p,y,e,1,3,7
p,s,e,1,8,7
p,f,n,1,4,0
p,f,n,1,4,0
p,y,n,1,3,0
p,f,e,1,4,7
p,y,e,1,3,7
p,s,e,1,8,7
p,y,e,1,3,7
p,f,e,1,4,7
p,s,e,1,8,7
p,f,e,1,4,7
p,y,n,1,3,0
p,y,e,1,3,7
p,s,e,1,8,7
p,y,e,1,3,7
p,f,e,1,4,7
p,f,e,1,4,7
p,f,e,1,4,7
p,y,e,1,3,7
p,s,e,1,8,7
p,y,n,1,3,0
p,f,e,1,4,7
p,s,n,1,8,0
p,f,e,1,4,7
p,y,n,1,3,0
p,y,n,1,3,0
p,s,e,1,8,7
p,y,e,1,3,7
p,y,n,1,3,0
p,y,n,1,3,0
p,s,e,1,8,7
p,f,e,1,4,7
e,n,g,0,6,3
p,y,n,1,3,0
p,y,n,1,3,0
p,s,n,1,8,0
p,s,n,1,8,0
p,s,e,1,8,7
p,f,e,1,4,7
p,f,e,1,4,7
p,f,e,1,4,7
p,f,n,1,4,0
p,f,e,1,4,7
p,f,n,1,4,0
p,f,e,1,4,7
p,s,e,1,8,7
p,y,e,1,3,7
p,f,e,1,4,7
p,s,e,1,8,7
p,s,n,1,8,0
p,s,e,1,8,7
p,y,e,1,3,7
p,s,e,1,8,7
p,f,e,1,4,7
e,n,n,0,6,0
p,f,n,1,4,0
p,s,e,1,8,7
p,s,n,1,8,0
p,f,e,1,4,7
p,f,n,1,4,0
p,m,n,1,5,0
p,f,e,1,4,7
p,s,e,1,8,7
p,y,n,1,3,0
p,f,e,1,4,7
e,n,w,0,6,8
p,y,n,1,3,0
p,y,n,1,3,0
p,y,n,1,3,0
p,s,n,1,8,0
p,y,n,1,3,0
p,y,e,1,3,7
p,f,e,1,4,7
p,f,n,1,4,0
p,f,n,1,4,0
p,f,e,1,4,7
p,y,e,1,3,7
p,y,e,1,3,7
p,y,n,1,3,0
p,s,e,1,8,7
p,f,n,1,4,0
p,y,n,1,3,0
p,y,e,1,3,7
p,f,n,1,4,0
p,f,e,1,4,7
p,f,e,1,4,7
p,f,n,1,4,0
p,y,n,1,3,0
p,f,e,1,4,7
e,n,g,0,6,3
p,y,e,1,3,7
p,y,n,1,3,0
p,s,n,1,8,0
p,s,e,1,8,7
p,f,e,1,4,7
p,s,n,1,8,0
p,s,e,1,8,7
p,f,e,1,4,7
p,s,n,1,8,0
p,s,e,1,8,7
p,s,n,1,8,0
p,f,e,1,4,7
p,y,e,1,3,7
p,y,n,1,3,0
p,f,n,1,4,0
e,n,n,0,6,0
p,y,n,1,3,0
p,y,n,1,3,0
p,f,e,1,4,7
e,n,c,0,6,2
e,n,n,0,6,0
e,n,g,0,6,3
e,n,g,0,6,3
p,s,n,1,8,0
p,f,e,1,4,7
e,n,n,0,6,0
p,s,e,1,8,7
p,n,y,1,6,9
p,f,e,1,4,7
e,n,g,0,6,3
p,f,e,1,4,7
p,s,e,1,8,7
p,s,e,1,8,7
p,y,n,1,3,0
p,s,e,1,8,7
e,n,g,0,6,3
p,s,n,1,8,0
p,y,e,1,3,7
p,f,e,1,4,7
e,n,g,0,6,3
p,s,n,1,8,0
p,y,n,1,3,0
e,n,n,0,6,0
e,n,p,0,6,5
p,y,n,1,3,0
p,y,e,1,3,7
p,s,n,1,8,0
e,n,w,0,6,8
p,f,e,1,4,7
p,y,e,1,3,7
p,y,e,1,3,7
p,f,n,1,4,0
e,n,w,0,6,8
e,n,w,0,6,8
p,y,e,1,3,7
p,y,n,1,3,0
e,n,n,0,6,0
p,s,n,1,8,0
p,y,n,1,3,0
p,s,n,1,8,0
p,m,e,1,5,7
p,f,e,1,4,7
p,s,e,1,8,7
p,s,n,1,8,0
p,f,e,1,4,7
p,f,n,1,4,0
p,f,e,1,4,7
e,n,w,0,6,8
p,s,n,1,8,0
p,f,n,1,4,0
p,y,e,1,3,7
p,s,e,1,8,7
p,s,n,1,8,0
e,n,w,0,6,8
p,f,n,1,4,0
p,s,n,1,8,0
p,s,n,1,8,0
p,s,e,1,8,7
p,y,n,1,3,0
p,s,e,1,8,7
p,y,e,1,3,7
p,f,n,1,4,0
e,n,n,0,6,0
p,f,n,1,4,0
p,f,e,1,4,7
e,n,n,0,6,0
p,f,n,1,4,0
p,y,n,1,3,0
p,s,n,1,8,0
p,s,n,1,8,0
e,n,w,0,6,8
p,f,e,1,4,7
p,y,e,1,3,7
p,f,n,1,4,0
p,f,n,1,4,0
p,y,n,1,3,0
p,f,e,1,4,7
p,s,e,1,8,7
p,f,e,1,4,7
e,n,n,0,6,0
p,y,e,1,3,7
p,f,n,1,4,0
p,f,e,1,4,7
p,s,e,1,8,7
e,n,n,0,6,0
e,n,g,0,6,3
p,m,e,1,5,7
p,y,e,1,3,7
p,y,e,1,3,7
e,n,n,0,6,0
p,s,e,1,8,7
p,s,e,1,8,7
e,n,w,0,6,8
e,n,g,0,6,3
e,n,n,0,6,0
p,s,e,1,8,7
p,s,n,1,8,0
p,s,e,1,8,7
e,n,w,0,6,8
e,n,w,0,6,8
e,n,w,0,6,8
p,f,e,1,4,7
p,s,e,1,8,7
e,n,g,0,6,3
e,n,w,0,6,8
p,f,e,1,4,7
e,n,w,0,6,8
p,s,e,1,8,7
p,f,n,1,4,0
p,f,n,1,4,0
e,n,g,0,6,3
e,n,w,0,6,8
p,y,e,1,3,7
p,f,e,1,4,7
e,n,w,0,6,8
e,n,w,0,6,8
p,s,e,1,8,7
e,n,g,0,6,3
p,y,e,1,3,7
p,y,n,1,3,0
e,n,n,0,6,0
e,n,n,0,6,0
p,s,e,1,8,7
p,y,e,1,3,7
p,s,n,1,8,0
p,y,e,1,3,7
p,y,n,1,3,0
e,n,w,0,6,8
e,n,n,0,6,0
p,m,c,1,5,2
e,n,g,0,6,3
e,n,n,0,6,0
e,n,n,0,6,0
p,s,e,1,8,7
e,n,w,0,6,8
e,n,g,0,6,3
e,n,n,0,6,0
p,y,n,1,3,0
p,s,n,1,8,0
p,s,n,1,8,0
p,y,e,1,3,7
e,n,g,0,6,3
p,s,e,1,8,7
p,s,n,1,8,0
p,s,e,1,8,7
e,n,g,0,6,3
e,n,n,0,6,0
p,f,n,1,4,0
p,s,n,1,8,0
e,n,n,0,6,0
p,y,n,1,3,0
p,y,n,1,3,0
p,s,e,1,8,7
p,s,e,1,8,7
p,s,e,1,8,7
p,y,e,1,3,7
p,s,n,1,8,0
p,y,n,1,3,0
e,n,p,0,6,5
p,y,e,1,3,7
p,m,n,1,5,0
p,f,n,1,4,0
e,n,g,0,6,3
p,f,n,1,4,0
p,y,n,1,3,0
p,s,n,1,8,0
p,y,e,1,3,7
p,f,e,1,4,7
e,n,c,0,6,2
p,f,n,1,4,0
p,f,e,1,4,7
p,y,e,1,3,7
p,y,e,1,3,7
p,f,n,1,4,0
e,n,n,0,6,0
p,s,e,1,8,7
p,s,e,1,8,7
p,f,e,1,4,7
p,s,e,1,8,7
p,f,e,1,4,7
p,y,e,1,3,7
e,n,g,0,6,3
p,s,e,1,8,7
p,s,e,1,8,7
e,n,g,0,6,3
e,n,n,0,6,0
p,m,n,1,5,0
p,s,e,1,8,7
p,f,n,1,4,0
p,f,n,1,4,0
p,y,e,1,3,7
p,y,n,1,3,0
p,y,n,1,3,0
e,n,g,0,6,3
p,f,e,1,4,7
p,m,c,1,5,2
p,s,e,1,8,7
p,s,e,1,8,7
e,n,w,0,6,8
p,y,n,1,3,0
p,y,e,1,3,7
p,f,n,1,4,0
p,y,e,1,3,7
p,f,e,1,4,7
p,f,e,1,4,7
e,n,w,0,6,8
p,m,n,1,5,0
p,y,e,1,3,7
p,f,n,1,4,0
p,f,n,1,4,0
p,s,e,1,8,7
e,n,g,0,6,3
p,y,n,1,3,0
p,y,e,1,3,7
e,n,w,0,6,8
p,s,n,1,8,0
p,y,n,1,3,0
p,s,e,1,8,7
e,n,w,0,6,8
p,s,n,1,8,0
p,s,e,1,8,7
p,y,e,1,3,7
p,f,e,1,4,7
e,n,n,0,6,0
p,y,n,1,3,0
p,y,e,1,3,7
p,y,e,1,3,7
p,f,e,1,4,7
e,n,n,0,6,0
e,n,g,0,6,3
e,n,n,0,6,0
e,n,g,0,6,3
p,y,e,1,3,7
p,f,e,1,4,7
p,s,n,1,8,0
p,y,n,1,3,0
e,n,w,0,6,8
p,s,n,1,8,0
e,n,g,0,6,3
p,f,n,1,4,0
p,f,e,1,4,7
p,m,c,1,5,2
p,s,n,1,8,0
p,s,e,1,8,7
p,s,n,1,8,0
p,f,e,1,4,7
p,f,e,1,4,7
p,s,e,1,8,7
e,n,g,0,6,3
p,y,e,1,3,7
p,y,n,1,3,0
p,s,e,1,8,7
p,y,n,1,3,0
e,n,g,0,6,3
p,s,n,1,8,0
p,s,e,1,8,7
p,s,n,1,8,0
e,n,g,0,6,3
p,y,n,1,3,0
p,y,e,1,3,7
p,y,e,1,3,7
p,m,n,1,5,0
e,n,g,0,6,3
p,f,e,1,4,7
p,f,n,1,4,0
e,n,g,0,6,3
p,f,n,1,4,0
p,s,e,1,8,7
e,n,n,0,6,0
p,f,n,1,4,0
p,s,n,1,8,0
e,n,n,0,6,0
p,f,n,1,4,0
p,f,n,1,4,0
p,s,n,1,8,0
p,s,n,1,8,0
e,n,c,0,6,2
e,n,n,0,6,0
e,n,w,0,6,8
p,s,e,1,8,7
e,n,g,0,6,3
p,y,e,1,3,7
p,s,n,1,8,0
e,n,n,0,6,0
p,y,e,1,3,7
p,f,n,1,4,0
p,y,e,1,3,7
p,s,e,1,8,7
p,s,e,1,8,7
p,f,e,1,4,7
e,n,n,0,6,0
p,f,e,1,4,7
p,s,n,1,8,0
p,y,n,1,3,0
p,f,e,1,4,7
e,n,g,0,6,3
p,f,n,1,4,0
e,n,w,0,6,8
p,y,e,1,3,7
e,n,g,0,6,3
e,n,n,0,6,0
p,f,e,1,4,7
p,f,n,1,4,0
e,n,g,0,6,3
p,y,n,1,3,0
p,s,n,1,8,0
e,n,w,0,6,8
p,f,e,1,4,7
p,f,e,1,4,7
p,f,e,1,4,7
p,s,e,1,8,7
p,s,n,1,8,0
e,n,g,0,6,3
p,f,n,1,4,0
p,f,e,1,4,7
e,n,g,0,6,3
e,n,n,0,6,0
e,n,g,0,6,3
p,s,e,1,8,7
p,f,n,1,4,0
p,s,n,1,8,0
e,n,g,0,6,3
p,s,e,1,8,7
e,n,n,0,6,0
e,n,w,0,6,8
p,m,e,1,5,7
e,n,g,0,6,3
p,y,n,1,3,0
e,n,n,0,6,0
e,n,g,0,6,3
e,n,n,0,6,0
e,n,g,0,6,3
p,f,n,1,4,0
p,y,n,1,3,0
e,n,n,0,6,0
p,y,e,1,3,7
p,y,e,1,3,7
p,y,n,1,3,0
p,s,n,1,8,0
e,n,n,0,6,0
e,n,g,0,6,3
e,n,n,0,6,0
p,s,n,1,8,0
p,s,e,1,8,7
p,y,e,1,3,7
p,y,n,1,3,0
e,n,n,0,6,0
p,y,e,1,3,7
e,n,n,0,6,0
p,y,n,1,3,0
e,n,w,0,6,8
p,f,e,1,4,7
p,f,n,1,4,0
e,n,g,0,6,3
p,y,n,1,3,0
e,n,g,0,6,3
p,f,n,1,4,0
p,f,e,1,4,7
e,n,w,0,6,8
p,s,n,1,8,0
p,m,n,1,5,0
e,n,g,0,6,3
p,y,e,1,3,7
p,s,e,1,8,7
p,y,e,1,3,7
e,n,g,0,6,3
e,n,w,0,6,8
p,s,e,1,8,7
e,n,g,0,6,3
p,f,n,1,4,0
p,y,n,1,3,0
e,n,w,0,6,8
p,y,e,1,3,7
e,n,w,0,6,8
p,y,n,1,3,0
e,n,w,0,6,8
e,n,n,0,6,0
p,s,n,1,8,0
p,f,e,1,4,7
e,n,w,0,6,8
p,m,e,1,5,7
p,y,e,1,3,7
p,f,n,1,4,0
p,y,n,1,3,0
p,f,e,1,4,7
e,n,n,0,6,0
p,f,n,1,4,0
e,n,n,0,6,0
e,n,g,0,6,3
p,y,e,1,3,7
p,n,y,1,6,9
p,y,e,1,3,7
p,s,e,1,8,7
p,s,e,1,8,7
e,n,n,0,6,0
e,n,g,0,6,3
e,n,g,0,6,3
p,s,e,1,8,7
p,s,e,1,8,7
p,s,e,1,8,7
e,n,w,0,6,8
e,n,n,0,6,0
p,y,n,1,3,0
p,f,e,1,4,7
e,n,w,0,6,8
p,y,e,1,3,7
e,n,w,0,6,8
p,y,e,1,3,7
p,s,n,1,8,0
e,n,g,0,6,3
e,n,w,0,6,8
p,f,n,1,4,0
p,f,n,1,4,0
p,s,e,1,8,7
e,n,w,0,6,8
p,f,n,1,4,0
p,y,e,1,3,7
p,f,n,1,4,0
p,m,n,1,5,0
p,f,n,1,4,0
e,n,n,0,6,0
p,f,e,1,4,7
e,n,n,0,6,0
e,n,w,0,6,8
e,n,g,0,6,3
p,s,e,1,8,7
p,y,n,1,3,0
p,f,e,1,4,7
p,y,e,1,3,7
e,n,w,0,6,8
e,n,g,0,6,3
p,m,e,1,5,7
p,f,n,1,4,0
p,f,n,1,4,0
p,y,e,1,3,7
p,s,n,1,8,0
p,s,n,1,8,0
p,m,c,1,5,2
p,s,n,1,8,0
e,n,w,0,6,8
p,y,n,1,3,0
e,n,g,0,6,3
p,f,e,1,4,7
p,y,e,1,3,7
e,n,g,0,6,3
e,n,g,0,6,3
p,y,e,1,3,7
e,n,n,0,6,0
e,n,p,0,6,5
e,n,w,0,6,8
p,s,n,1,8,0
p,f,e,1,4,7
p,f,e,1,4,7
e,n,g,0,6,3
e,n,w,0,6,8
e,n,c,0,6,2
e,n,g,0,6,3
p,y,e,1,3,7
p,y,e,1,3,7
p,y,n,1,3,0
p,f,e,1,4,7
e,n,n,0,6,0
p,n,y,1,6,9
p,m,c,1,5,2
p,y,n,1,3,0
e,n,p,0,6,5
p,s,n,1,8,0
e,n,g,0,6,3
e,n,g,0,6,3
p,f,e,1,4,7
e,n,n,0,6,0
e,n,n,0,6,0
e,n,n,0,6,0
e,n,g,0,6,3
p,y,n,1,3,0
p,f,n,1,4,0
p,s,n,1,8,0
p,y,e,1,3,7
p,f,n,1,4,0
p,y,e,1,3,7
e,n,w,0,6,8
p,m,n,1,5,0
p,y,e,1,3,7
e,n,n,0,6,0
p,f,e,1,4,7
e,n,w,0,6,8
e,n,g,0,6,3
p,s,n,1,8,0
p,y,n,1,3,0
p,f,n,1,4,0
p,f,e,1,4,7
p,s,e,1,8,7
p,y,n,1,3,0
e,n,g,0,6,3
p,y,e,1,3,7
e,n,w,0,6,8
p,n,y,1,6,9
p,s,n,1,8,0
p,y,e,1,3,7
e,n,g,0,6,3
e,n,n,0,6,0
p,y,e,1,3,7
e,n,n,0,6,0
p,y,e,1,3,7
p,f,e,1,4,7
p,y,e,1,3,7
e,n,g,0,6,3
e,n,n,0,6,0
e,n,n,0,6,0
p,f,n,1,4,0
e,n,g,0,6,3
e,n,g,0,6,3
p,s,n,1,8,0
e,n,g,0,6,3
p,f,n,1,4,0
p,y,e,1,3,7
p,s,n,1,8,0
e,n,p,0,6,5
p,f,n,1,4,0
p,f,e,1,4,7
e,n,n,0,6,0
p,f,e,1,4,7
p,y,n,1,3,0
p,y,n,1,3,0
p,s,n,1,8,0
p,f,e,1,4,7
p,s,e,1,8,7
e,n,n,0,6,0
p,s,e,1,8,7
e,n,g,0,6,3
p,s,e,1,8,7
p,y,e,1,3,7
e,n,n,0,6,0
p,s,n,1,8,0
e,n,g,0,6,3
e,n,n,0,6,0
p,s,e,1,8,7
p,s,n,1,8,0
e,n,n,0,6,0
e,n,g,0,6,3
e,n,w,0,6,8
e,n,n,0,6,0
p,s,e,1,8,7
p,y,e,1,3,7
e,n,n,0,6,0
e,n,g,0,6,3
p,f,n,1,4,0
p,f,e,1,4,7
p,f,n,1,4,0
p,f,n,1,4,0
e,n,n,0,6,0
p,f,e,1,4,7
p,s,n,1,8,0
p,f,n,1,4,0
e,n,n,0,6,0
e,n,g,0,6,3
p,s,n,1,8,0
p,f,n,1,4,0
e,n,g,0,6,3
p,s,n,1,8,0
p,s,e,1,8,7
p,y,e,1,3,7
e,n,n,0,6,0
e,n,g,0,6,3
p,m,e,1,5,7
p,f,n,1,4,0
p,f,e,1,4,7
p,y,e,1,3,7
p,f,n,1,4,0
p,s,e,1,8,7
p,s,e,1,8,7
p,y,e,1,3,7
p,s,e,1,8,7
p,y,n,1,3,0
e,n,g,0,6,3
p,m,n,1,5,0
e,n,n,0,6,0
p,y,n,1,3,0
p,n,y,1,6,9
p,s,n,1,8,0
p,m,e,1,5,7
e,n,g,0,6,3
p,y,n,1,3,0
p,s,n,1,8,0
p,y,n,1,3,0
e,n,n,0,6,0
p,s,n,1,8,0
p,f,n,1,4,0
p,s,n,1,8,0
p,s,e,1,8,7
p,s,n,1,8,0
p,s,e,1,8,7
p,y,n,1,3,0
e,n,w,0,6,8
e,n,g,0,6,3
e,n,w,0,6,8
p,s,n,1,8,0
p,f,e,1,4,7
p,y,e,1,3,7
p,f,e,1,4,7
p,y,n,1,3,0
p,f,n,1,4,0
p,y,e,1,3,7
p,y,n,1,3,0
p,s,e,1,8,7
e,n,n,0,6,0
p,s,n,1,8,0
p,s,n,1,8,0
e,n,g,0,6,3
e,n,w,0,6,8
p,s,n,1,8,0
e,n,n,0,6,0
p,s,n,1,8,0
p,s,n,1,8,0
p,s,n,1,8,0
p,s,e,1,8,7
p,f,n,1,4,0
e,n,n,0,6,0
e,n,n,0,6,0
e,n,w,0,6,8
p,y,n,1,3,0
e,n,n,0,6,0
p,s,n,1,8,0
e,n,g,0,6,3
e,n,g,0,6,3
p,s,n,1,8,0
e,n,n,0,6,0
e,n,w,0,6,8
e,n,n,0,6,0
e,n,g,0,6,3
e,n,w,0,6,8
p,m,c,1,5,2
e,n,n,0,6,0
p,y,e,1,3,7
p,s,e,1,8,7
e,n,w,0,6,8
e,n,w,0,6,8
e,n,g,0,6,3
e,n,n,0,6,0
p,f,n,1,4,0
p,s,e,1,8,7
p,s,e,1,8,7
e,n,n,0,6,0
e,n,p,0,6,5
p,f,n,1,4,0
e,n,w,0,6,8
p,y,e,1,3,7
e,n,w,0,6,8
p,s,n,1,8,0
p,s,n,1,8,0
e,n,n,0,6,0
p,y,n,1,3,0
p,f,e,1,4,7
e,n,n,0,6,0
e,n,w,0,6,8
e,n,g,0,6,3
e,n,n,0,6,0
p,y,n,1,3,0
p,y,e,1,3,7
e,n,w,0,6,8
p,y,e,1,3,7
e,n,g,0,6,3
p,s,n,1,8,0
p,f,n,1,4,0
p,s,e,1,8,7
e,n,n,0,6,0
p,y,e,1,3,7
p,y,n,1,3,0
e,n,g,0,6,3
p,s,n,1,8,0
p,f,n,1,4,0
e,n,g,0,6,3
p,f,n,1,4,0
p,y,e,1,3,7
p,s,n,1,8,0
p,y,e,1,3,7
e,n,w,0,6,8
p,y,e,1,3,7
p,s,e,1,8,7
e,n,w,0,6,8
e,n,g,0,6,3
e,n,g,0,6,3
p,s,e,1,8,7
p,y,n,1,3,0
p,y,e,1,3,7
e,n,w,0,6,8
p,f,e,1,4,7
p,s,n,1,8,0
e,n,w,0,6,8
p,y,e,1,3,7
p,f,e,1,4,7
p,s,n,1,8,0
e,n,n,0,6,0
p,f,n,1,4,0
p,f,e,1,4,7
p,n,y,1,6,9
p,f,e,1,4,7
e,n,n,0,6,0
p,f,e,1,4,7
e,n,g,0,6,3
p,s,e,1,8,7
p,f,e,1,4,7
p,y,n,1,3,0
p,y,n,1,3,0
e,n,g,0,6,3
e,n,w,0,6,8
p,s,e,1,8,7
e,n,n,0,6,0
p,y,e,1,3,7
p,y,e,1,3,7
e,n,g,0,6,3
p,y,e,1,3,7
e,n,n,0,6,0
p,y,n,1,3,0
p,y,e,1,3,7
p,y,n,1,3,0
p,y,n,1,3,0
e,n,g,0,6,3
e,n,w,0,6,8
p,y,n,1,3,0
p,f,n,1,4,0
e,n,w,0,6,8
e,n,n,0,6,0
p,s,n,1,8,0
p,s,n,1,8,0
e,n,n,0,6,0
e,n,w,0,6,8
e,n,w,0,6,8
p,y,e,1,3,7
p,f,e,1,4,7
p,m,e,1,5,7
e,n,n,0,6,0
p,f,n,1,4,0
p,s,n,1,8,0
p,s,e,1,8,7
e,n,w,0,6,8
e,n,g,0,6,3
e,n,g,0,6,3
e,n,g,0,6,3
e,n,w,0,6,8
p,s,e,1,8,7
p,s,e,1,8,7
p,s,e,1,8,7
p,f,n,1,4,0
e,n,w,0,6,8
e,n,w,0,6,8
e,n,w,0,6,8
e,n,n,0,6,0
p,s,e,1,8,7
p,f,n,1,4,0
p,y,n,1,3,0
p,y,n,1,3,0
p,f,e,1,4,7
e,n,n,0,6,0
e,n,w,0,6,8
p,y,n,1,3,0
p,y,n,1,3,0
e,n,g,0,6,3
p,s,n,1,8,0
e,n,n,0,6,0
e,n,n,0,6,0
p,s,e,1,8,7
p,s,e,1,8,7
p,s,n,1,8,0
p,s,e,1,8,7
p,f,n,1,4,0
e,n,g,0,6,3
p,f,n,1,4,0
e,n,c,0,6,2
e,n,n,0,6,0
p,y,e,1,3,7
p,f,n,1,4,0
p,f,n,1,4,0
e,n,g,0,6,3
p,s,n,1,8,0
e,n,w,0,6,8
p,f,e,1,4,7
e,n,w,0,6,8
p,f,e,1,4,7
p,s,e,1,8,7
e,n,w,0,6,8
p,f,e,1,4,7
p,s,n,1,8,0
e,n,n,0,6,0
e,n,n,0,6,0
p,y,e,1,3,7
p,s,e,1,8,7
e,n,n,0,6,0
p,y,n,1,3,0
p,f,e,1,4,7
p,s,e,1,8,7
p,f,e,1,4,7
p,f,e,1,4,7
e,n,w,0,6,8
e,n,n,0,6,0
p,s,e,1,8,7
e,n,n,0,6,0
e,n,n,0,6,0
p,y,e,1,3,7
e,n,g,0,6,3
e,n,p,0,6,5
p,n,y,1,6,9
p,f,e,1,4,7
p,f,e,1,4,7
p,m,e,1,5,7
e,n,n,0,6,0
p,s,n,1,8,0
e,n,w,0,6,8
p,f,e,1,4,7
p,m,c,1,5,2
p,s,n,1,8,0
e,n,n,0,6,0
e,n,n,0,6,0
p,s,n,1,8,0
p,y,n,1,3,0
e,n,g,0,6,3
e,n,n,0,6,0
p,s,n,1,8,0
e,n,n,0,6,0
e,n,w,0,6,8
e,n,w,0,6,8
p,y,n,1,3,0
p,m,n,1,5,0
p,s,e,1,8,7
e,n,n,0,6,0
p,f,e,1,4,7
p,s,e,1,8,7
p,y,n,1,3,0
p,s,e,1,8,7
p,f,n,1,4,0
p,f,e,1,4,7
e,n,g,0,6,3
e,n,n,0,6,0
p,s,n,1,8,0
p,n,y,1,6,9
e,n,w,0,6,8
e,n,n,0,6,0
p,s,n,1,8,0
e,n,g,0,6,3
e,n,w,0,6,8
e,n,n,0,6,0
e,n,w,0,6,8
e,n,g,0,6,3
e,n,w,0,6,8
e,n,w,0,6,8
p,f,n,1,4,0
p,s,e,1,8,7
e,n,g,0,6,3
e,n,w,0,6,8
p,f,n,1,4,0
p,s,n,1,8,0
p,f,n,1,4,0
p,f,e,1,4,7
p,s,e,1,8,7
e,n,n,0,6,0
p,s,e,1,8,7
e,n,g,0,6,3
e,n,n,0,6,0
e,n,w,0,6,8
p,s,e,1,8,7
e,n,n,0,6,0
p,f,n,1,4,0
p,f,e,1,4,7
p,s,e,1,8,7
e,n,w,0,6,8
p,f,n,1,4,0
p,s,e,1,8,7
e,n,g,0,6,3
p,y,n,1,3,0
p,y,n,1,3,0
p,f,e,1,4,7
e,n,w,0,6,8
e,n,w,0,6,8
p,s,n,1,8,0
e,n,n,0,6,0
p,y,e,1,3,7
p,s,e,1,8,7
e,n,n,0,6,0
e,n,g,0,6,3
p,f,e,1,4,7
p,s,n,1,8,0
p,f,n,1,4,0
p,f,n,1,4,0
e,n,n,0,6,0
p,y,n,1,3,0
e,n,w,0,6,8
e,n,n,0,6,0
p,s,n,1,8,0
p,y,n,1,3,0
p,s,e,1,8,7
e,n,w,0,6,8
p,y,e,1,3,7
e,n,w,0,6,8
p,s,e,1,8,7
p,s,e,1,8,7
p,s,n,1,8,0
p,m,c,1,5,2
p,s,n,1,8,0
e,n,g,0,6,3
p,y,e,1,3,7
p,m,n,1,5,0
p,y,e,1,3,7
e,n,n,0,6,0
p,s,n,1,8,0
e,n,g,0,6,3
e,n,w,0,6,8
e,n,n,0,6,0
p,s,n,1,8,0
e,n,n,0,6,0
e,n,w,0,6,8
p,s,e,1,8,7
p,y,e,1,3,7
e,n,g,0,6,3
e,n,g,0,6,3
p,f,n,1,4,0
p,m,e,1,5,7
p,f,e,1,4,7
p,f,n,1,4,0
e,n,w,0,6,8
p,f,e,1,4,7
e,n,n,0,6,0
p,s,n,1,8,0
p,s,n,1,8,0
e,n,n,0,6,0
e,n,n,0,6,0
e,n,g,0,6,3
e,n,n,0,6,0
p,y,e,1,3,7
e,n,n,0,6,0
e,n,n,0,6,0
p,y,e,1,3,7
e,n,n,0,6,0
p,f,e,1,4,7
e,n,g,0,6,3
p,y,n,1,3,0
e,n,n,0,6,0
p,s,n,1,8,0
e,n,g,0,6,3
e,n,g,0,6,3
e,n,n,0,6,0
e,n,n,0,6,0
p,y,e,1,3,7
e,n,g,0,6,3
p,f,n,1,4,0
p,s,e,1,8,7
p,f,n,1,4,0
p,f,e,1,4,7
p,s,n,1,8,0
p,s,e,1,8,7
e,n,w,0,6,8
p,s,n,1,8,0
p,y,e,1,3,7
p,s,e,1,8,7
e,n,g,0,6,3
e,n,n,0,6,0
e,n,w,0,6,8
p,f,n,1,4,0
p,f,n,1,4,0
p,s,n,1,8,0
p,f,e,1,4,7
p,f,e,1,4,7
e,n,n,0,6,0
e,n,g,0,6,3
p,f,e,1,4,7
p,f,e,1,4,7
e,n,w,0,6,8
e,n,n,0,6,0
e,n,w,0,6,8
p,s,e,1,8,7
p,f,n,1,4,0
p,y,e,1,3,7
p,y,n,1,3,0
p,s,n,1,8,0
e,n,n,0,6,0
p,f,n,1,4,0
p,s,n,1,8,0
p,f,e,1,4,7
e,n,w,0,6,8
p,y,e,1,3,7
p,y,n,1,3,0
p,f,e,1,4,7
e,n,n,0,6,0
e,n,n,0,6,0
p,s,n,1,8,0
p,s,e,1,8,7
e,n,w,0,6,8
p,s,n,1,8,0
p,y,n,1,3,0
e,n,n,0,6,0
e,n,g,0,6,3
e,n,g,0,6,3
p,y,n,1,3,0
p,s,n,1,8,0
e,n,g,0,6,3
p,y,e,1,3,7
e,n,w,0,6,8
p,s,n,1,8,0
p,y,n,1,3,0
p,f,e,1,4,7
e,n,g,0,6,3
e,n,n,0,6,0
p,f,e,1,4,7
e,n,w,0,6,8
p,f,e,1,4,7
e,n,g,0,6,3
p,m,n,1,5,0
e,n,n,0,6,0
e,n,g,0,6,3
e,n,n,0,6,0
p,f,e,1,4,7
e,n,n,0,6,0
e,n,g,0,6,3
p,f,n,1,4,0
e,n,w,0,6,8
e,n,p,0,6,5
p,f,e,1,4,7
e,n,g,0,6,3
e,n,n,0,6,0
p,f,n,1,4,0
p,y,n,1,3,0
p,s,e,1,8,7
p,s,n,1,8,0
e,n,n,0,6,0
p,s,n,1,8,0
e,n,w,0,6,8
p,f,e,1,4,7
e,n,n,0,6,0
p,s,e,1,8,7
e,n,g,0,6,3
p,f,e,1,4,7
p,y,e,1,3,7
p,f,n,1,4,0
e,n,n,0,6,0
e,n,w,0,6,8
e,n,n,0,6,0
e,n,g,0,6,3
p,m,e,1,5,7
p,y,e,1,3,7
p,f,n,1,4,0
e,n,n,0,6,0
e,n,n,0,6,0
e,n,c,0,6,2
p,s,e,1,8,7
p,y,n,1,3,0
p,s,e,1,8,7
p,y,n,1,3,0
p,f,e,1,4,7
e,n,c,0,6,2
e,n,n,0,6,0
e,n,w,0,6,8
e,n,g,0,6,3
e,n,n,0,6,0
e,n,n,0,6,0
e,n,w,0,6,8
p,f,e,1,4,7
e,n,w,0,6,8
p,y,n,1,3,0
p,y,e,1,3,7
p,f,n,1,4,0
e,n,n,0,6,0
e,n,n,0,6,0
e,n,w,0,6,8
p,f,n,1,4,0
p,f,n,1,4,0
p,y,e,1,3,7
e,n,n,0,6,0
e,n,n,0,6,0
e,n,w,0,6,8
p,f,e,1,4,7
e,n,w,0,6,8
e,n,w,0,6,8
e,n,w,0,6,8
e,n,n,0,6,0
p,s,e,1,8,7
e,n,n,0,6,0
p,f,e,1,4,7
p,m,c,1,5,2
p,y,n,1,3,0
e,n,g,0,6,3
e,n,n,0,6,0
e,n,n,0,6,0
e,n,n,0,6,0
p,f,n,1,4,0
e,n,n,0,6,0
p,y,n,1,3,0
p,f,n,1,4,0
e,n,g,0,6,3
p,f,n,1,4,0
e,n,g,0,6,3
e,n,n,0,6,0
p,y,e,1,3,7
e,n,n,0,6,0
p,y,n,1,3,0
p,s,n,1,8,0
e,n,n,0,6,0
e,n,n,0,6,0
e,n,n,0,6,0
e,n,w,0,6,8
e,n,n,0,6,0
p,f,n,1,4,0
p,s,e,1,8,7
p,y,e,1,3,7
p,f,e,1,4,7
p,f,e,1,4,7
e,n,n,0,6,0
e,n,n,0,6,0
e,n,n,0,6,0
p,s,n,1,8,0
e,n,n,0,6,0
e,n,g,0,6,3
e,n,w,0,6,8
p,s,e,1,8,7
e,n,w,0,6,8
e,n,w,0,6,8
e,n,w,0,6,8
p,y,n,1,3,0
p,y,n,1,3,0
p,y,e,1,3,7
p,y,e,1,3,7
p,f,n,1,4,0
e,n,n,0,6,0
e,n,n,0,6,0
p,f,n,1,4,0
p,f,n,1,4,0
e,n,g,0,6,3
e,n,w,0,6,8
p,f,e,1,4,7
p,f,n,1,4,0
p,f,n,1,4,0
e,n,n,0,6,0
e,n,w,0,6,8
e,n,n,0,6,0
p,y,e,1,3,7
e,n,g,0,6,3
p,f,e,1,4,7
e,n,n,0,6,0
p,y,e,1,3,7
e,n,n,0,6,0
e,n,n,0,6,0
e,n,n,0,6,0
p,y,e,1,3,7
e,n,g,0,6,3
p,y,e,1,3,7
p,y,n,1,3,0
p,f,n,1,4,0
p,s,n,1,8,0
e,n,w,0,6,8
e,n,n,0,6,0
p,f,n,1,4,0
e,n,n,0,6,0
e,n,g,0,6,3
e,n,n,0,6,0
e,n,n,0,6,0
p,s,e,1,8,7
p,f,n,1,4,0
p,s,n,1,8,0
p,s,n,1,8,0
p,y,n,1,3,0
e,n,w,0,6,8
p,f,e,1,4,7
e,n,n,0,6,0
p,f,e,1,4,7
e,n,n,0,6,0
e,n,n,0,6,0
e,n,n,0,6,0
p,s,e,1,8,7
e,n,n,0,6,0
p,f,e,1,4,7
e,n,n,0,6,0
e,n,g,0,6,3
e,n,n,0,6,0
e,n,n,0,6,0
e,n,n,0,6,0
e,n,g,0,6,3
p,f,e,1,4,7
p,s,n,1,8,0
p,f,n,1,4,0
p,s,e,1,8,7
p,y,n,1,3,0
e,n,g,0,6,3
e,n,w,0,6,8
e,n,n,0,6,0
p,f,e,1,4,7
e,n,n,0,6,0
p,f,e,1,4,7
p,f,n,1,4,0
p,f,e,1,4,7
p,y,e,1,3,7
p,y,n,1,3,0
e,n,g,0,6,3
p,m,c,1,5,2
e,n,w,0,6,8
p,s,n,1,8,0
p,y,e,1,3,7
e,n,w,0,6,8
e,n,n,0,6,0
p,s,e,1,8,7
e,n,n,0,6,0
e,n,n,0,6,0
e,n,n,0,6,0
e,n,n,0,6,0
e,n,n,0,6,0
e,n,n,0,6,0
p,y,e,1,3,7
e,n,w,0,6,8
e,n,n,0,6,0
e,n,w,0,6,8
e,n,n,0,6,0
p,y,e,1,3,7
p,m,c,1,5,2
e,n,n,0,6,0
p,s,n,1,8,0
p,y,e,1,3,7
p,f,n,1,4,0
e,n,n,0,6,0
e,n,n,0,6,0
e,n,n,0,6,0
p,y,n,1,3,0
e,n,n,0,6,0
